Series Name,Series Code,Country Name,Country Code,1990 [YR1990],2000 [YR2000],2011 [YR2011],2012 [YR2012],2013 [YR2013],2014 [YR2014],2015 [YR2015],2016 [YR2016],2017 [YR2017],2018 [YR2018],2019 [YR2019],2020 [YR2020]
Access to electricity (% of population),EG.ELC.ACCS.ZS,Arab World,ARB,..,80.7361412102573,87.3326612400273,87.0395883900211,88.992619805618,88.0153561759997,88.681885670696,89.195062354407,90.3246594905463,88.9107494038454,89.9999455504114,90.2777350826821
Access to electricity (% of population),EG.ELC.ACCS.ZS,Caribbean small states,CSS,..,86.8292942974403,93.3906480037973,94.4029957151005,94.8869223835886,94.8017508751529,95.6659287364673,96.6912081788071,97.2997114625456,97.6860301364799,98.221954027314,98.8189268976713
Access to electricity (% of population),EG.ELC.ACCS.ZS,Central Europe and the Baltics,CEB,100,100,100,100,100,100,100,99.8278344126722,100,100,100,99.9796400333302
Access to electricity (% of population),EG.ELC.ACCS.ZS,Early-demographic dividend,EAR,..,66.7030724363987,75.1718689357295,81.1046083548977,82.2652548788111,83.1131680571248,85.73149882183,87.0192357449593,89.376836771094,91.1103260621346,92.2512760560982,93.3822156743267
Access to electricity (% of population),EG.ELC.ACCS.ZS,East Asia & Pacific,EAS,..,92.2236372239929,96.1416216132401,96.3971680759818,96.6026789439967,96.7282517141434,97.0996797638928,97.198108141376,97.8548149745798,97.8737145984247,98.0575567896267,98.0133338488244
Access to electricity (% of population),EG.ELC.ACCS.ZS,East Asia & Pacific (excluding high income),EAP,..,91.3174717523684,95.7161531660522,96.001969136835,96.2321106504147,96.3731078718911,96.7862505186502,96.8965489458648,97.6250324881794,97.6468051489065,97.8508959890843,97.8028926954047
Access to electricity (% of population),EG.ELC.ACCS.ZS,East Asia & Pacific (IDA & IBRD),TEA,..,91.3175185415022,96.5262079766799,96.7844602546104,96.9863737965289,97.0981761584916,97.4857216576529,97.5666952219646,98.273418292198,98.2653169595471,98.4422738157447,98.3644734669623
Access to electricity (% of population),EG.ELC.ACCS.ZS,Euro area,EMU,100,100,100,100,100,100,100,100,100,100,100,100
Access to electricity (% of population),EG.ELC.ACCS.ZS,Europe & Central Asia,ECS,100,99.9493964240866,99.9678361247815,99.9810754122,99.9772262352054,99.9828399900704,99.2553035277639,99.9696221715838,99.9914164447254,99.9918353726555,99.9932515305436,99.9953213445151
Access to electricity (% of population),EG.ELC.ACCS.ZS,Europe & Central Asia (excluding high income),ECA,100,99.8816190704524,99.9244805349554,99.9557778282364,99.9468866178254,99.9600521967667,98.2698785814502,99.9747014231173,99.9801380333328,99.9810906511605,99.9844410157369,99.9892010819443
Access to electricity (% of population),EG.ELC.ACCS.ZS,Europe & Central Asia (IDA & IBRD),TEC,100,99.8994525951149,99.9351858340402,99.9619796245363,99.9542813281277,99.9655729275915,98.5070793146613,99.9391438151003,99.9828194171674,99.9836360467292,99.9865143284425,99.9906369397569
Access to electricity (% of population),EG.ELC.ACCS.ZS,European Union,EUU,100,100,100,100,100,100,100,99.9601962766443,100,100,100,99.9953512380042
Access to electricity (% of population),EG.ELC.ACCS.ZS,Heavily indebted poor countries (HIPC),HPC,..,17.7593002277889,29.3114018944102,32.0804253256714,32.9799316433617,35.5266810110775,35.4638281916513,40.6985075121105,41.598266537877,44.2125126513089,44.9861028194082,46.5424069463776
Access to electricity (% of population),EG.ELC.ACCS.ZS,High income,HIC,99.8179657621232,99.8993578015723,99.9556142883071,99.9654235625918,99.9570915198481,99.970694209553,99.9690946886165,99.9584750967798,99.9713310295308,99.9818667011525,99.9850468228112,99.9882984510084
Access to electricity (% of population),EG.ELC.ACCS.ZS,IBRD only,IBD,..,84.3117109204085,89.1974921552317,92.7899866046313,93.4911011286849,94.0601143778238,95.2149875196826,95.7785636381204,96.7257542128197,97.7826100874021,98.317338005068,98.7784470650345
Access to electricity (% of population),EG.ELC.ACCS.ZS,IDA & IBRD total,IBT,..,73.9053173003655,79.0800261573907,82.1512029840409,82.752294705696,83.242418726429,84.3986061321009,85.6781285175771,86.7430415281495,87.8933381062653,88.421488295289,89.021668566695
Access to electricity (% of population),EG.ELC.ACCS.ZS,IDA blend,IDB,..,54.2247611257852,61.686336949634,61.2480916290387,62.2838466358017,61.2531041992716,61.4466489109678,65.3969706445058,63.8024915312412,65.9321070935129,66.9988649272964,67.8680694575568
Access to electricity (% of population),EG.ELC.ACCS.ZS,IDA only,IDX,..,25.1778965244107,39.0751701329825,42.075107529652,42.5743910036184,44.06717416294,46.338514742076,50.1461524206226,53.6782127607647,55.3026984203386,56.2071437164948,57.8593075730236
Access to electricity (% of population),EG.ELC.ACCS.ZS,IDA total,IDA,..,34.9900453116856,46.6485323894008,48.4953794158634,49.1813741348396,49.8339715815519,51.4121936506039,55.2706241315303,57.0811618432459,58.8797489293883,59.8345781257574,61.2261731828994
Access to electricity (% of population),EG.ELC.ACCS.ZS,Late-demographic dividend,LTE,..,95.6540880557837,98.6552228838437,98.7606031014138,98.9300637579697,98.9424852914751,98.8310681306428,99.1720921423574,99.2908957635843,99.3070055271163,99.3741150003138,99.4637185818077
Access to electricity (% of population),EG.ELC.ACCS.ZS,Latin America & Caribbean,LCN,..,91.7391816680516,96.1815745221752,96.5612720699835,96.840618246021,97.0305044116237,97.2813358903912,97.4839542523825,97.7351044734811,97.8022655062656,98.0940252889238,98.5161272840617
Access to electricity (% of population),EG.ELC.ACCS.ZS,Latin America & Caribbean (excluding high income),LAC,..,91.1077703246152,95.9161556296423,96.2966093390769,96.6218522275548,96.7643312731723,97.0478296986236,97.2921973137585,97.5890151640539,97.6121483776992,97.9268787211912,98.3859544190775
Access to electricity (% of population),EG.ELC.ACCS.ZS,Latin America & Caribbean (IDA & IBRD),TLA,..,91.5455917954751,96.1193050542958,96.506706161557,96.7896316024932,96.9807365163084,97.2340498652163,97.4376465731877,97.6908695790534,97.7554200036585,98.0499073446023,98.4791599864673
Access to electricity (% of population),EG.ELC.ACCS.ZS,Least developed countries: UN classification,LDC,..,20.0751191549465,34.8124077044345,38.2963875067201,38.3772135407499,39.618098971667,42.5340263288604,46.4522752203525,50.3420612549504,52.1893993583102,52.9290034230591,54.6963805479401
Access to electricity (% of population),EG.ELC.ACCS.ZS,Low & middle income,LMY,..,73.4068284457657,78.5182431211802,81.6412882651698,82.2662257147907,82.7709616746405,83.9572952097615,85.2726749370657,86.3642795240059,87.5384380254981,88.0860238243696,88.7055286987189
Access to electricity (% of population),EG.ELC.ACCS.ZS,Low income,LIC,..,15.6125861221119,26.7625744502807,29.7093822781639,30.7303087589889,32.1871838496715,32.0544916275416,37.233143065048,38.8767763861764,40.5490839955387,41.4766654177545,42.988145215162
Access to electricity (% of population),EG.ELC.ACCS.ZS,Lower middle income,LMC,..,62.4572253477603,71.8659548995431,77.5606284166019,78.7468548236515,79.6298401401201,82.3722521315214,83.9196953265731,85.8600383830672,88.0468832451158,89.0598996805966,90.1148576430344
Access to electricity (% of population),EG.ELC.ACCS.ZS,Middle East & North Africa,MEA,..,92.516256295252,95.7977707558595,95.3840788839275,97.0777197620124,96.0740522106438,96.521936038803,96.828269246969,97.6873814189416,96.2830490526466,97.2308525888101,97.3559358494581
Access to electricity (% of population),EG.ELC.ACCS.ZS,Middle East & North Africa (excluding high income),MNA,..,91.5503148316182,95.114009477721,94.6218472196494,96.5895930621542,95.4121580369907,95.930948298055,96.2946497171632,97.296148826718,95.6422700598537,96.7526692934921,96.8994408309204
Access to electricity (% of population),EG.ELC.ACCS.ZS,Middle East & North Africa (IDA & IBRD),TMN,..,91.4641415907729,95.0608421854216,94.5614133895615,96.5507248700755,95.359168319104,95.8838313534103,96.2504288919831,97.2673724057373,95.5896496061122,96.7131270524313,96.8613853148127
Access to electricity (% of population),EG.ELC.ACCS.ZS,Middle income,MIC,..,77.9935821451938,83.8583520060292,87.0717816189739,87.7283225741927,88.2056514174034,89.6124059637082,90.5824077128944,91.6897555544165,92.8904696235987,93.4780474162556,94.0845966684982
Access to electricity (% of population),EG.ELC.ACCS.ZS,North America,NAC,100,100,100,100,100,100,100,100,100,100,100,100
Access to electricity (% of population),EG.ELC.ACCS.ZS,OECD members,OED,99.5424008554005,99.6410266101163,99.7889688978717,99.8138549827564,99.8375773803534,99.844136019506,99.8379311453184,99.8947696314191,99.9400948963844,99.8976007455723,99.9525509159537,99.9432847912632
Access to electricity (% of population),EG.ELC.ACCS.ZS,Other small states,OSS,..,56.4869899849501,68.0511603878361,69.245647616577,70.2581600666113,71.4222684342084,72.8397776423006,74.0521560652843,75.0975405297539,77.2757900827205,78.1356912200475,79.1946737448482
Access to electricity (% of population),EG.ELC.ACCS.ZS,Post-demographic dividend,PST,99.9943965592541,99.9671193131082,99.975046408321,99.9731236469662,99.9794748969496,99.9836824132257,99.9854702629021,99.9892481895009,99.9921580985287,99.9951094289347,99.997963727551,99.9981381306841
Access to electricity (% of population),EG.ELC.ACCS.ZS,Pre-demographic dividend,PRE,..,24.6278596688951,36.0302809618077,37.5124448168777,38.2738828315984,39.7984085339085,39.9451612527293,44.6038118319197,44.3294360744407,47.1705865273304,47.5468721039675,48.4464380996085
Access to electricity (% of population),EG.ELC.ACCS.ZS,Small states,SST,..,63.3942014638399,73.2193956672788,74.3398469639856,75.1076094940272,76.1756035589746,77.5122127891837,78.6869152504605,79.6047683641777,81.4202504033816,82.2147461442119,83.188520273414
Access to electricity (% of population),EG.ELC.ACCS.ZS,South Asia,SAS,..,56.2402167465964,67.0536162588297,77.4893898648516,78.7140736481405,80.7598449184455,84.6089876014908,86.2991281159205,89.3999350323083,92.713015793386,94.0436403801698,95.7842894300092
Access to electricity (% of population),EG.ELC.ACCS.ZS,South Asia (IDA & IBRD),TSA,..,56.2402167465964,67.0536162588297,77.4893898648516,78.7140736481405,80.7598449184455,84.6089876014908,86.2991281159205,89.3999350323083,92.713015793386,94.0436403801698,95.7842894300092
Access to electricity (% of population),EG.ELC.ACCS.ZS,Sub-Saharan Africa,SSF,..,25.571854585029,35.8762582756268,36.8161552261,37.9479417155027,38.2934627763418,39.0737470627612,43.7512869889935,43.7316298787366,46.3706722370329,47.1047724048359,48.3510787862696
Access to electricity (% of population),EG.ELC.ACCS.ZS,Sub-Saharan Africa (excluding high income),SSA,..,25.5633676919535,35.8701604550253,36.8102299284776,37.9422132831239,38.2876441783558,39.0680288898584,43.7460783875242,43.7264940830521,46.3658594272374,47.1001070492797,48.3466019487037
Access to electricity (% of population),EG.ELC.ACCS.ZS,Sub-Saharan Africa (IDA & IBRD),TSS,..,25.571854585029,35.8762582756268,36.8161552261,37.9479417155027,38.2934627763418,39.0737470627612,43.7512869889935,43.7316298787366,46.3706722370329,47.1047724048359,48.3510787862696
Access to electricity (% of population),EG.ELC.ACCS.ZS,Upper middle income,UMC,..,95.5940925156236,98.8363763219042,99.0226733644837,99.0895395459275,99.1269062322344,98.8968878047356,99.1852507878645,99.2667350051684,99.2369077078769,99.309219263199,99.3738838190714
Access to electricity (% of population),EG.ELC.ACCS.ZS,World,WLD,..,78.2239546330897,82.1665834699821,84.7407101855509,85.2404163421732,85.6483211848158,86.6195198542236,87.696898830206,88.5940517284921,89.5665317255006,90.0117847056585,90.5215692111686
Access to electricity (% of population),EG.ELC.ACCS.ZS,Afghanistan,AFG,..,1.61359095573425,43.2220191955566,69.0999984741211,68.2906494140625,89.5,71.5,97.6999969482422,97.6999969482422,96.6161346435547,97.6999969482422,97.6999969482422
Access to electricity (% of population),EG.ELC.ACCS.ZS,Albania,ALB,100,100,100,99.9000015258789,100,99.9499969482422,99.9800033569336,99.8899993896484,99.8899993896484,100,100,100
Access to electricity (% of population),EG.ELC.ACCS.ZS,Algeria,DZA,..,98.9730987548828,98.8880310058594,98.7646636962891,99.0022048950195,99.0870132446289,99.1866607666016,99.3502502441406,99.6354904174805,99.6978378295898,99.5,99.8041305541992
Access to electricity (% of population),EG.ELC.ACCS.ZS,American Samoa,ASM,..,..,..,..,..,..,..,..,..,..,..,..
Access to electricity (% of population),EG.ELC.ACCS.ZS,Andorra,AND,100,100,100,100,100,100,100,100,100,100,100,100
Access to electricity (% of population),EG.ELC.ACCS.ZS,Angola,AGO,..,24.2127437591553,34.5999984741211,37.1313209533691,38.2780303955078,32,42,41.8131294250488,43.0132598876953,45.2900009155273,45.6427993774414,46.8906097412109
Access to electricity (% of population),EG.ELC.ACCS.ZS,Antigua and Barbuda,ATG,95.7630462646484,97.6892623901367,94.5520172119141,100,100,100,100,100,100,100,100,100
Access to electricity (% of population),EG.ELC.ACCS.ZS,Argentina,ARG,92.1548004150391,95.7832870483398,99.0953521728516,99.22998046875,99.3426742553711,100,99.6253890991211,99.8495788574219,100,99.9895782470703,100,100
Access to electricity (% of population),EG.ELC.ACCS.ZS,Armenia,ARM,..,98.9000015258789,99.6057968139648,99.6289672851563,99.4199981689453,99.7099990844727,100,99.8000030517578,99.6999969482422,99.9000015258789,100,100
Access to electricity (% of population),EG.ELC.ACCS.ZS,Aruba,ABW,100,91.660400390625,100,100,100,100,100,100,100,100,100,100
Access to electricity (% of population),EG.ELC.ACCS.ZS,Australia,AUS,100,100,100,100,100,100,100,100,100,100,100,100
Access to electricity (% of population),EG.ELC.ACCS.ZS,Austria,AUT,100,100,100,100,100,100,100,100,100,100,100,100
Access to electricity (% of population),EG.ELC.ACCS.ZS,Azerbaijan,AZE,..,98.9082260131836,99.9000015258789,100,100,100,100,100,100,100,100,100
Access to electricity (% of population),EG.ELC.ACCS.ZS,"Bahamas, The",BHS,100,100,100,100,100,100,100,100,100,100,100,100
Access to electricity (% of population),EG.ELC.ACCS.ZS,Bahrain,BHR,99.9413986206055,100,100,100,100,100,100,100,100,100,100,100
Access to electricity (% of population),EG.ELC.ACCS.ZS,Bangladesh,BGD,..,32,59.5999984741211,66.1555709838867,61.5,62.4000015258789,74.9037399291992,75.9199981689453,88,91.8000030517578,92.1999969482422,96.1999969482422
Access to electricity (% of population),EG.ELC.ACCS.ZS,Barbados,BRB,99.9842529296875,100,100,100,100,100,100,100,100,100,100,100
Access to electricity (% of population),EG.ELC.ACCS.ZS,Belarus,BLR,100,100,100,100,100,100,100,100,100,100,100,100
Access to electricity (% of population),EG.ELC.ACCS.ZS,Belgium,BEL,100,100,100,100,100,100,100,100,100,100,100,100
Access to electricity (% of population),EG.ELC.ACCS.ZS,Belize,BLZ,..,79,91.6817321777344,90.9959182739258,91.1861038208008,91.3642578125,91.8000030517578,93.2223129272461,94.1890106201172,91.7200012207031,92.7200012207031,97.1133346557617
Access to electricity (% of population),EG.ELC.ACCS.ZS,Benin,BEN,..,21.5310840606689,36.9000015258789,38.4000015258789,34.691219329834,34.0999984741211,29.6200008392334,37.0952453613281,34.5,39.2469177246094,40.3286895751953,41.4109573364258
Access to electricity (% of population),EG.ELC.ACCS.ZS,Bermuda,BMU,100,100,100,100,100,100,100,100,100,100,100,100
Access to electricity (% of population),EG.ELC.ACCS.ZS,Bhutan,BTN,..,31.1499996185303,81.76708984375,91.5,87.4511413574219,91.483512878418,95.5307159423828,99.5897903442383,97.6999969482422,99.974365234375,100,100
Access to electricity (% of population),EG.ELC.ACCS.ZS,Bolivia,BOL,..,69.9630432128906,88.3359451293945,90.3873748779297,89.5056838989258,90.0387268066406,91.522819519043,91.8000030517578,91.8000030517578,92.8000030517578,95.0800018310547,97.5541229248047
Access to electricity (% of population),EG.ELC.ACCS.ZS,Bosnia and Herzegovina,BIH,100,100,99.7057800292969,100,99.5,100,99.6999969482422,100,100,100,100,100
Access to electricity (% of population),EG.ELC.ACCS.ZS,Botswana,BWA,..,26.4089794158936,53.2400016784668,56.0188140869141,57.9919204711914,59.952995300293,62.1300010681152,64.1750564575195,67.4000015258789,68.2292633056641,69.9597396850586,71.994758605957
Access to electricity (% of population),EG.ELC.ACCS.ZS,Brazil,BRA,87.475116,94.391716003418,99.3286895751953,99.5194931030273,99.5751495361328,99.6502456665039,99.7108993530273,99.6999969482422,99.8000030517578,99.6999969482422,99.8000030517578,100
Access to electricity (% of population),EG.ELC.ACCS.ZS,British Virgin Islands,VGB,94.606559753418,97.4126968383789,98.6572952270508,98.8501663208008,99.021110534668,99.1800231933594,100,100,100,100,100,100
Access to electricity (% of population),EG.ELC.ACCS.ZS,Brunei Darussalam,BRN,100,100,100,100,100,100,100,100,100,100,100,100
Access to electricity (% of population),EG.ELC.ACCS.ZS,Bulgaria,BGR,100,100,100,100,100,100,100,100,100,100,100,99.6999969482422
Access to electricity (% of population),EG.ELC.ACCS.ZS,Burkina Faso,BFA,..,9.07501983642578,14.8084144592285,15.1179943084717,15.4056425094604,19.2000007629395,16.0769748687744,16.641056060791,17.2140426635742,14.3999996185303,18.3748550415039,18.957239151001
Access to electricity (% of population),EG.ELC.ACCS.ZS,Burundi,BDI,..,2.46323680877686,6.12268400192261,6.5,6.90000009536743,7,8.42765235900879,9.34840965270996,9.30000019073486,10.8849086761475,11.3565282821655,11.7355556488037
Access to electricity (% of population),EG.ELC.ACCS.ZS,Cabo Verde,CPV,..,58.4223289489746,82.3562469482422,83.3587646484375,84.3393478393555,85.3079071044922,86.3578414916992,87.5449295043945,88.6909637451172,90.411750793457,91.4000015258789,94.1617431640625
Access to electricity (% of population),EG.ELC.ACCS.ZS,Cambodia,KHM,..,16.6000003814697,50.3072624206543,53.9305648803711,57.5736961364746,56.0999984741211,64.9104232788086,69.5443115234375,89.0699996948242,81.0756530761719,84,86.4000015258789
Access to electricity (% of population),EG.ELC.ACCS.ZS,Cameroon,CMR,..,41,53.7000007629395,55.0391540527344,56.2078132629395,56.7999992370605,58.5955924987793,59.8087768554688,61.0308647155762,62.2000007629395,63.4898796081543,64.7213668823242
Access to electricity (% of population),EG.ELC.ACCS.ZS,Canada,CAN,100,100,100,100,100,100,100,100,100,100,100,100
Access to electricity (% of population),EG.ELC.ACCS.ZS,Cayman Islands,CYM,99.846923828125,100,100,100,100,100,100,100,100,100,100,100
Access to electricity (% of population),EG.ELC.ACCS.ZS,Central African Republic,CAF,..,6,10.2466478347778,10.8688611984253,11.4691410064697,12.0573968887329,12.727029800415,13.5338163375854,14.2995414733887,14.8423757553101,14.3000001907349,15.4650840759277
Access to electricity (% of population),EG.ELC.ACCS.ZS,Chad,TCD,..,3.17988133430481,8.97999954223633,7.8354058265686,8.12655830383301,8.40568542480469,7.69999980926514,9.26384735107422,10.8999996185303,10.1140403747559,8.39999961853027,11.080117225647
Access to electricity (% of population),EG.ELC.ACCS.ZS,Channel Islands,CHI,100,100,100,100,100,100,100,100,100,100,100,100
Access to electricity (% of population),EG.ELC.ACCS.ZS,Chile,CHL,92.257427,97.9386901855469,99.5881958007813,100,99.5999984741211,100,99.71484375,100,99.6999969482422,100,100,100
Access to electricity (% of population),EG.ELC.ACCS.ZS,China,CHN,..,97.0217971801758,99.8487243652344,99.9619293212891,99.9964447021484,100,100,100,100,100,100,100
Access to electricity (% of population),EG.ELC.ACCS.ZS,Colombia,COL,89.9,95.1999969482422,96.693603515625,97.0321731567383,97.7794189453125,97.7909393310547,98.186897277832,98.4000015258789,98.5,98.5,99.7559204101563,100
Access to electricity (% of population),EG.ELC.ACCS.ZS,Comoros,COM,..,39.7153549194336,69.4258041381836,69.3000030517578,69.7684478759766,72.1627960205078,74.5719833374023,76.9930419921875,79.4230041503906,81.8589096069336,84.2977752685547,86.7371368408203
Access to electricity (% of population),EG.ELC.ACCS.ZS,"Congo, Dem. Rep.",COD,..,6.69999980926514,13.3884449005127,15.3999996185303,14.7332000732422,13.5,16.1482429504395,17.0418376922607,17.9165096282959,18.5682907104492,19.1000003814697,19.1000003814697
Access to electricity (% of population),EG.ELC.ACCS.ZS,"Congo, Rep.",COG,..,29.090015411377,40.7216911315918,41.5999984741211,42.5439720153809,43.4321212768555,44.4016494750977,45.5083274841309,46.5739479064941,47.416675567627,48.4074745178223,49.5171012878418
Access to electricity (% of population),EG.ELC.ACCS.ZS,Costa Rica,CRI,..,96.9400024414063,99.2323455810547,99.5032958984375,99.5635147094727,99.3592910766602,99.4098052978516,99.5,99.5999984741211,99.6999969482422,99.7099990844727,99.9000015258789
Access to electricity (% of population),EG.ELC.ACCS.ZS,Cote d'Ivoire,CIV,..,48.6894683837891,55.7999992370605,55.7999992370605,61.3625907897949,61.9000015258789,62.5999984741211,64.3000030517578,65.5999984741211,67.1473922729492,68.4595565795898,69.6791229248047
Access to electricity (% of population),EG.ELC.ACCS.ZS,Croatia,HRV,100,100,100,100,100,100,100,100,100,100,100,100
Access to electricity (% of population),EG.ELC.ACCS.ZS,Cuba,CUB,..,97,97.7455673217773,97.9525527954102,98.1793670654297,98.4239883422852,98.6834564208984,98.9547882080078,99.2350311279297,99.5212097167969,99.8000030517578,100
Access to electricity (% of population),EG.ELC.ACCS.ZS,Curacao,CUW,100,100,100,100,100,100,100,100,100,100,100,100
Access to electricity (% of population),EG.ELC.ACCS.ZS,Cyprus,CYP,100,100,100,100,100,100,100,100,100,100,100,100
Access to electricity (% of population),EG.ELC.ACCS.ZS,Czech Republic,CZE,100,100,100,100,100,100,100,100,100,100,100,100
Access to electricity (% of population),EG.ELC.ACCS.ZS,Denmark,DNK,100,100,100,100,100,100,100,100,100,100,100,100
Access to electricity (% of population),EG.ELC.ACCS.ZS,Djibouti,DJI,..,56.3799514770508,56.2004699707031,54.5999984741211,56.2974739074707,56.618839263916,57.5785636901855,58.6754455566406,60.2000007629395,60.5641860961914,61.2119293212891,61.7670822143555
Access to electricity (% of population),EG.ELC.ACCS.ZS,Dominica,DMA,..,80.9518127441406,95.5366744995117,96.91748046875,98.3181076049805,99.7365493774414,99.8290176391602,99.9835357666016,100,100,100,100
Access to electricity (% of population),EG.ELC.ACCS.ZS,Dominican Republic,DOM,..,88.7649307250977,97.8988723754883,97.8670501708984,98.385856628418,98.4709777832031,98.5603637695313,98.9000015258789,100,98.9000015258789,99,100
Access to electricity (% of population),EG.ELC.ACCS.ZS,Ecuador,ECU,..,93.7322616577148,96.8726959228516,97.1949310302734,98.0346755981445,98.9760665893555,98.8258819580078,98.6999969482422,99.1999969482422,98.6999969482422,99.0899963378906,98.8499984741211
Access to electricity (% of population),EG.ELC.ACCS.ZS,"Egypt, Arab Rep.",EGY,..,97.6999969482422,99.4521636962891,99.6999969482422,99.8503875732422,99.8000030517578,99.3000030517578,100,100,100,100,100
Access to electricity (% of population),EG.ELC.ACCS.ZS,El Salvador,SLV,..,84.5192489624023,92.5746841430664,93.6805725097656,95.0431060791016,95.1254196166992,95.4000015258789,96,96.8000030517578,97,97.3600006103516,100
Access to electricity (% of population),EG.ELC.ACCS.ZS,Equatorial Guinea,GNQ,..,65.5595626831055,66.0999984741211,65.7359466552734,65.8208084106445,65.923469543457,66.0409774780273,66.1703567504883,66.3086395263672,66.4528579711914,66.6000442504883,66.7477264404297
Access to electricity (% of population),EG.ELC.ACCS.ZS,Eritrea,ERI,..,29.2545108795166,41.3165016174316,42.4679489135742,43.6392288208008,44.828311920166,46.0322418212891,47.2480392456055,48.4727439880371,49.7033843994141,50.9369926452637,52.1710968017578
Access to electricity (% of population),EG.ELC.ACCS.ZS,Estonia,EST,100,100,100,100,100,100,100,100,100,100,100,100
Access to electricity (% of population),EG.ELC.ACCS.ZS,Eswatini,SWZ,..,20.1957626342773,51.148006439209,54.3662261962891,57.5625152587891,65,64.0124130249023,63.4300003051758,73.5,73.9157791137695,76.8694381713867,79.7304992675781
Access to electricity (% of population),EG.ELC.ACCS.ZS,Ethiopia,ETH,..,12.6999998092651,23,28.8985195159912,30.6716728210449,27.2000007629395,29,42.9000015258789,44.2999992370605,44.940601348877,48.063591003418,51.0939826965332
Access to electricity (% of population),EG.ELC.ACCS.ZS,Faroe Islands,FRO,100,100,100,100,100,100,100,100,100,100,100,100
Access to electricity (% of population),EG.ELC.ACCS.ZS,Fiji,FJI,..,75.7249221801758,90.146125793457,91.0708312988281,91.75,93.7866058349609,95.1682434082031,96.5617446899414,96,99.3725051879883,99.7158813476563,100
Access to electricity (% of population),EG.ELC.ACCS.ZS,Finland,FIN,100,100,100,100,100,100,100,100,100,100,100,100
Access to electricity (% of population),EG.ELC.ACCS.ZS,France,FRA,100,100,100,100,100,100,100,100,100,100,100,100
Access to electricity (% of population),EG.ELC.ACCS.ZS,French Polynesia,PYF,100,100,100,100,100,100,100,100,100,100,100,100
Access to electricity (% of population),EG.ELC.ACCS.ZS,Gabon,GAB,..,73.5999984741211,88.8595657348633,89.3000030517578,86.4000015258789,86.9643096923828,87.3768615722656,88.2038269042969,86.2699966430664,89.8815155029297,90.7262954711914,91.5715637207031
Access to electricity (% of population),EG.ELC.ACCS.ZS,"Gambia, The",GMB,..,34.2999992370605,48.2470855712891,49.8279304504395,51.5,52.9337272644043,54.5619888305664,56.3274078369141,56.2000007629395,60.2999992370605,62.0999984741211,62.2730674743652
Access to electricity (% of population),EG.ELC.ACCS.ZS,Georgia,GEO,..,99.8118133544922,100,100,100,100,100,100,100,99.9000015258789,100,100
Access to electricity (% of population),EG.ELC.ACCS.ZS,Germany,DEU,100,100,100,100,100,100,100,100,100,100,100,100
Access to electricity (% of population),EG.ELC.ACCS.ZS,Ghana,GHA,..,43.7000007629395,64.0625610351563,56.5099983215332,70.6999969482422,78.3000030517578,74.0788421630859,79.3000030517578,79,80.4000015258789,83.5,85.8735504150391
Access to electricity (% of population),EG.ELC.ACCS.ZS,Gibraltar,GIB,100,100,100,100,100,100,100,100,100,100,100,100
Access to electricity (% of population),EG.ELC.ACCS.ZS,Greece,GRC,100,100,100,100,100,100,100,100,100,100,100,100
Access to electricity (% of population),EG.ELC.ACCS.ZS,Greenland,GRL,100,100,100,100,100,100,100,100,100,100,100,100
Access to electricity (% of population),EG.ELC.ACCS.ZS,Grenada,GRD,..,86.0422286987305,88.8000030517578,90.0322494506836,90.4349060058594,90.8553771972656,91.2906875610352,91.7378692626953,92.1939544677734,92.3000030517578,93.120964050293,93.5864486694336
Access to electricity (% of population),EG.ELC.ACCS.ZS,Guam,GUM,99.8443069458008,100,100,100,100,100,100,100,100,100,100,100
Access to electricity (% of population),EG.ELC.ACCS.ZS,Guatemala,GTM,..,73.3182067871094,84.0264129638672,86.7188568115234,87.9692916870117,85.4943695068359,90.520622253418,91.8155822753906,93.3000030517578,94.4292373657227,95.7420043945313,97.0552673339844
Access to electricity (% of population),EG.ELC.ACCS.ZS,Guinea,GIN,..,15.1462574005127,29.2770805358887,26.2000007629395,31.9759578704834,33.3531188964844,34.7451210021973,33.5,35.4000015258789,45,42.2000007629395,44.6686782836914
Access to electricity (% of population),EG.ELC.ACCS.ZS,Guinea-Bissau,GNB,..,..,13.3999118804932,14.8038854598999,16.227689743042,17.2000007629395,20.0531539916992,22.9687919616699,26,28.4950561523438,30.9615573883057,33.3354682922363
Access to electricity (% of population),EG.ELC.ACCS.ZS,Guyana,GUY,..,74.5172805786133,84.0845413208008,85.0664825439453,86.0264892578125,86.9000015258789,88.0038375854492,89.1703567504883,90.2958145141602,91.1983795166016,91.9157562255859,92.5405426025391
Access to electricity (% of population),EG.ELC.ACCS.ZS,Haiti,HTI,..,33.7000007629395,37.5843849182129,37.9000015258789,38.6978759765625,39.496410369873,40.8362846374512,40.4000015258789,43.7492713928223,44.962345123291,45.990234375,46.9255332946777
Access to electricity (% of population),EG.ELC.ACCS.ZS,Honduras,HND,..,67.3833541870117,82.1952972412109,83.6077270507813,87.1848831176758,88.6537704467773,89.9817123413086,91.5999984741211,86.5,91.5999984741211,91.0999984741211,93.2067108154297
Access to electricity (% of population),EG.ELC.ACCS.ZS,"Hong Kong SAR, China",HKG,100,100,100,100,100,100,100,100,100,100,100,100
Access to electricity (% of population),EG.ELC.ACCS.ZS,Hungary,HUN,100,100,100,100,100,100,100,100,100,100,100,100
Access to electricity (% of population),EG.ELC.ACCS.ZS,Iceland,ISL,100,100,100,100,100,100,100,100,100,100,100,100
Access to electricity (% of population),EG.ELC.ACCS.ZS,India,IND,..,58.7214736938477,67.5999984741211,79.9000015258789,81.9993286132813,83.8724975585938,88,89.2177963256836,92.1249465942383,95.6999969482422,97.3082656860352,99
Access to electricity (% of population),EG.ELC.ACCS.ZS,Indonesia,IDN,..,86.3000030517578,94.8300018310547,96,96.4642562866211,97.0100021362305,97.5373687744141,97.620002746582,98.1399993896484,98.5100021362305,98.8499984741211,96.9499969482422
Access to electricity (% of population),EG.ELC.ACCS.ZS,"Iran, Islamic Rep.",IRN,..,97.9000015258789,99.5726470947266,99.6432800292969,99.8300018310547,100,99.9599990844727,99.9499969482422,99.9400024414063,100,100,100
Access to electricity (% of population),EG.ELC.ACCS.ZS,Iraq,IRQ,..,96.9216766357422,98,99.3000030517578,98.8662796020508,99.0984344482422,99.3454284667969,99.6043014526367,99.8720703125,99.9000015258789,99.9920043945313,100
Access to electricity (% of population),EG.ELC.ACCS.ZS,Ireland,IRL,100,100,100,100,100,100,100,100,100,100,100,100
Access to electricity (% of population),EG.ELC.ACCS.ZS,Isle of Man,IMN,100,100,100,100,100,100,100,100,100,100,100,100
Access to electricity (% of population),EG.ELC.ACCS.ZS,Israel,ISR,100,100,100,100,100,100,100,100,100,100,100,100
Access to electricity (% of population),EG.ELC.ACCS.ZS,Italy,ITA,100,100,100,100,100,100,100,100,100,100,100,100
Access to electricity (% of population),EG.ELC.ACCS.ZS,Jamaica,JAM,70.334586,84.3941345214844,91.0999984741211,93.0999984741211,93.9000015258789,93.3000030517578,94.9000015258789,96.7379837036133,97.6095809936523,98.4871215820313,99.3676223754883,100
Access to electricity (% of population),EG.ELC.ACCS.ZS,Japan,JPN,100,100,100,100,100,100,100,100,100,100,100,100
Access to electricity (% of population),EG.ELC.ACCS.ZS,Jordan,JOR,96.8,98.9342727661133,99.6515655517578,99.5,99.7014389038086,99.7484970092773,99.8981704711914,99.9588241577148,100,99.9000015258789,100,99.9000015258789
Access to electricity (% of population),EG.ELC.ACCS.ZS,Kazakhstan,KAZ,..,99.5095596313477,99.7974700927734,100,100,100,100,100,100,100,100,100
Access to electricity (% of population),EG.ELC.ACCS.ZS,Kenya,KEN,..,15.1311712265015,36.0356559753418,37.990966796875,39.9661064147949,36,41.5999984741211,53.0999984741211,55.9764099121094,61.2845726013184,69.6999969482422,71.4379425048828
Access to electricity (% of population),EG.ELC.ACCS.ZS,Kiribati,KIR,..,55.1248970031738,74.8437347412109,76.6912612915039,78.9310607910156,83.4539489746094,90.5581817626953,92.7996139526367,86.1764450073242,88.1031646728516,90.0328521728516,91.9630279541016
Access to electricity (% of population),EG.ELC.ACCS.ZS,"Korea, Dem. People's Rep.",PRK,..,..,31.4920024871826,33.7508888244629,36.0296058654785,38.3261299133301,40.6374969482422,42.9607353210449,45.2928771972656,47.6309547424316,49.9720001220703,52.3135452270508
Access to electricity (% of population),EG.ELC.ACCS.ZS,"Korea, Rep.",KOR,99.8828430175781,100,100,100,100,100,100,100,100,100,100,100
Access to electricity (% of population),EG.ELC.ACCS.ZS,Kosovo,XKX,100,..,..,99.75,99.75,99.6800003051758,99.8600006103516,99.8000030517578,99.8000030517578,..,100,..
Access to electricity (% of population),EG.ELC.ACCS.ZS,Kuwait,KWT,100,100,100,100,100,100,100,100,100,100,100,100
Access to electricity (% of population),EG.ELC.ACCS.ZS,Kyrgyz Republic,KGZ,..,99.6102447509766,98.3199996948242,99.8000030517578,98.9300003051758,99.8000030517578,98.6900024414063,99.7099990844727,100,100,99.8742370605469,99.9810485839844
Access to electricity (% of population),EG.ELC.ACCS.ZS,Lao PDR,LAO,..,42.4961395263672,70,76.3666305541992,79.5762557983398,83.1340408325195,89.6999969482422,90.5495300292969,93.5999984741211,97.7971572875977,99.0920867919922,100
Access to electricity (% of population),EG.ELC.ACCS.ZS,Latvia,LVA,100,100,100,100,100,100,100,100,100,100,100,100
Access to electricity (% of population),EG.ELC.ACCS.ZS,Lebanon,LBN,..,99.3515930175781,99.6840133666992,99.5067596435547,99.4955139160156,99.4823226928711,99.5831756591797,99.7256240844727,99.8798294067383,99.6999969482422,99.9748687744141,100
Access to electricity (% of population),EG.ELC.ACCS.ZS,Lesotho,LSO,..,4.25875997543335,22.4054412841797,20.5599994659424,26.7660140991211,27.7999992370605,31.6773338317871,35.071590423584,33.7000007629395,47,44.5002098083496,47.3527374267578
Access to electricity (% of population),EG.ELC.ACCS.ZS,Liberia,LBR,..,..,4.09999990463257,9.10747241973877,9.80000019073486,9.39999961853027,15.161735534668,17.7000007629395,24.2000007629395,22.8791332244873,23.1000003814697,27.5347099304199
Access to electricity (% of population),EG.ELC.ACCS.ZS,Libya,LBY,..,99.8000030517578,79.9694519042969,78.3067474365234,76.6638717651367,75.0388031005859,73.4285736083984,71.8302230834961,70.2407684326172,67,68.6424026489258,69.7073516845703
Access to electricity (% of population),EG.ELC.ACCS.ZS,Liechtenstein,LIE,100,100,100,100,100,100,100,100,100,100,100,100
Access to electricity (% of population),EG.ELC.ACCS.ZS,Lithuania,LTU,100,100,100,100,100,100,100,100,100,100,100,100
Access to electricity (% of population),EG.ELC.ACCS.ZS,Luxembourg,LUX,100,100,100,100,100,100,100,100,100,100,100,100
Access to electricity (% of population),EG.ELC.ACCS.ZS,"Macao SAR, China",MAC,99.8492813110352,100,100,100,100,100,100,100,100,100,100,100
Access to electricity (% of population),EG.ELC.ACCS.ZS,Madagascar,MDG,..,12.7241897583008,14.3000001907349,18.7000007629395,12.8999996185303,22.2350730895996,23.0059337615967,22.8999996185303,24.1000003814697,36.5,31.0400009155273,33.7350769042969
Access to electricity (% of population),EG.ELC.ACCS.ZS,Malawi,MWI,..,4.80000019073486,7.59999990463257,7.40000009536743,9,11.8999996185303,10.8000001907349,11,12.6999998092651,18.0200004577637,11.1999998092651,14.8667688369751
Access to electricity (% of population),EG.ELC.ACCS.ZS,Malaysia,MYS,..,99.1039733886719,99.4654693603516,99.8000030517578,99.6044464111328,99.6509399414063,99.7788162231445,99.9000015258789,99.9524841308594,99.9922409057617,100,100
Access to electricity (% of population),EG.ELC.ACCS.ZS,Maldives,MDV,..,83.8000030517578,99.2772521972656,99.3866729736328,99.4741668701172,100,99.7064743041992,100,99.8000030517578,100,100,100
Access to electricity (% of population),EG.ELC.ACCS.ZS,Mali,MLI,..,9.59319972991943,28.6844539642334,25.6000003814697,32.285228729248,34.113338470459,37.5999984741211,38.7898216247559,34.7799987792969,50.9000015258789,47.8362770080566,50.5614166259766
Access to electricity (% of population),EG.ELC.ACCS.ZS,Malta,MLT,100,100,100,100,100,100,100,100,100,100,100,100
Access to electricity (% of population),EG.ELC.ACCS.ZS,Marshall Islands,MHL,..,68.4779739379883,89.9196090698242,90.5608062744141,91.1968536376953,91.8208770751953,92.5262756347656,93.3688278198242,94.2973480224609,95.9162902832031,97.538200378418,99.1606063842773
Access to electricity (% of population),EG.ELC.ACCS.ZS,Mauritania,MRT,..,18.7461318969727,35.1663208007813,36.3621597290039,37.5360641479492,38.7999992370605,39.5,41.3216171264648,42.9000015258789,44.3121376037598,45.8300323486328,47.3484191894531
Access to electricity (% of population),EG.ELC.ACCS.ZS,Mauritius,MUS,99.0415649414063,99,99.5999984741211,99.5686187744141,99.4805068969727,99.38037109375,99.3616104125977,99.4800109863281,99.6100006103516,99.448844909668,100,99.6616516113281
Access to electricity (% of population),EG.ELC.ACCS.ZS,Mexico,MEX,..,98.0071334838867,99.0281524658203,99.1116333007813,99.1476974487305,99.1729278564453,99,99.5,100,99.5,99.5999984741211,99.4000015258789
Access to electricity (% of population),EG.ELC.ACCS.ZS,"Micronesia, Fed. Sts.",FSM,..,46,66.5939865112305,68.4323654174805,70.2488174438477,72.0532455444336,73.9390563964844,75.9620132446289,77.9439086914063,79.7029113769531,81.2767333984375,82.9259185791016
Access to electricity (% of population),EG.ELC.ACCS.ZS,Moldova,MDA,100,100,100,100,100,100,100,100,99.9800033569336,99.9899978637695,100,100
Access to electricity (% of population),EG.ELC.ACCS.ZS,Monaco,MCO,100,100,100,100,100,100,100,100,100,100,100,100
Access to electricity (% of population),EG.ELC.ACCS.ZS,Mongolia,MNG,..,67.3000030517578,72.0570755004883,84.4836120605469,81.1999969482422,87.0788269042969,88.4001770019531,89.8384094238281,92.512565612793,98.0999984741211,97.2299118041992,98.0999984741211
Access to electricity (% of population),EG.ELC.ACCS.ZS,Montenegro,MNE,100,100,99,100,99.6999969482422,97.6999969482422,100,100,100,100,100,100
Access to electricity (% of population),EG.ELC.ACCS.ZS,Morocco,MAR,..,69.5673828125,93.4464340209961,94.2105178833008,97.1999969482422,91.5999984741211,97.3000030517578,97.8000030517578,100,98.0999984741211,99.5999984741211,100
Access to electricity (% of population),EG.ELC.ACCS.ZS,Mozambique,MOZ,..,6.09631109237671,20.2000007629395,21.2326068878174,22.4201278686523,24.7999992370605,24,26.2465209960938,24.2999992370605,31.1000003814697,29.6744499206543,30.603832244873
Access to electricity (% of population),EG.ELC.ACCS.ZS,Myanmar,MMR,..,41.8337898254395,54.0064277648926,55.1679344177246,56.3492736816406,52,60.5,55.5999984741211,69.8148345947266,66.2272796630859,68.358528137207,70.3971939086914
Access to electricity (% of population),EG.ELC.ACCS.ZS,Namibia,NAM,..,36.5,42.2999992370605,46.6318588256836,47.4000015258789,48.728515625,51.5999984741211,49.7000007629395,52.5,54.0028953552246,55.1770896911621,56.2586936950684
Access to electricity (% of population),EG.ELC.ACCS.ZS,Nauru,NRU,98.9990844726563,99.4370880126953,99,99.2164459228516,99.2682113647461,99.3377914428711,99,99.7128829956055,99.8700408935547,99.92822265625,100,100
Access to electricity (% of population),EG.ELC.ACCS.ZS,Nepal,NPL,..,29.0462665557861,67.2600021362305,74.9659729003906,77.466194152832,84.9000015258789,82.5239562988281,90.6999969482422,87.8963470458984,93.9199981689453,89.9000015258789,89.9000015258789
Access to electricity (% of population),EG.ELC.ACCS.ZS,Netherlands,NLD,100,100,100,100,100,100,100,100,100,100,100,100
Access to electricity (% of population),EG.ELC.ACCS.ZS,New Caledonia,NCL,99.8443069458008,100,100,100,100,100,100,100,100,100,100,100
Access to electricity (% of population),EG.ELC.ACCS.ZS,New Zealand,NZL,100,100,100,100,100,100,100,100,100,100,100,100
Access to electricity (% of population),EG.ELC.ACCS.ZS,Nicaragua,NIC,..,72.7815704345703,78.7286987304688,79.63916015625,80.8234405517578,81.8530731201172,83.2493286132813,84.6401138305664,85.9898376464844,87.1166763305664,88.0583267211914,88.9073791503906
Access to electricity (% of population),EG.ELC.ACCS.ZS,Niger,NER,..,6.48148155212402,14.3000001907349,14.3999996185303,15.1700057983398,15.7705421447754,16.6000003814697,17.271520614624,18.0495262145996,17.6000003814697,18.9745712280273,19.2519092559814
Access to electricity (% of population),EG.ELC.ACCS.ZS,Nigeria,NGA,27.3,43.1214599609375,55.9000015258789,53.2312431335449,55.5999984741211,54.0482292175293,52.5,59.2999992370605,54.4000015258789,56.5,55.4000015258789,55.4000015258789
Access to electricity (% of population),EG.ELC.ACCS.ZS,North Macedonia,MKD,100,100,99.7261657714844,100,100,100,100,100,100,99.8000030517578,100,100
Access to electricity (% of population),EG.ELC.ACCS.ZS,Northern Mariana Islands,MNP,99.8532638549805,100,100,100,100,100,100,100,100,100,100,100
Access to electricity (% of population),EG.ELC.ACCS.ZS,Norway,NOR,100,100,100,100,100,100,100,100,100,100,100,100
Access to electricity (% of population),EG.ELC.ACCS.ZS,Oman,OMN,100,100,100,100,100,100,100,100,100,100,100,100
Access to electricity (% of population),EG.ELC.ACCS.ZS,Pakistan,PAK,..,70.3106002807617,70.8542785644531,70.958610534668,71.0827713012695,71.224739074707,71.3815460205078,71.5502243041992,70.7900009155273,72.7831039428711,74.1276931762695,75.3796920776367
Access to electricity (% of population),EG.ELC.ACCS.ZS,Palau,PLW,96.6253509521484,98.1689987182617,98.807502746582,97.6304244995117,99.0532302856445,99.810302734375,99.3692398071289,100,100,100,100,100
Access to electricity (% of population),EG.ELC.ACCS.ZS,Panama,PAN,70.19,81.4014129638672,88.9622192382813,89.7678680419922,89.0999984741211,91.436637878418,92.2947692871094,93.1647720336914,93.6999969482422,94.9285202026367,95.8163299560547,96.7046356201172
Access to electricity (% of population),EG.ELC.ACCS.ZS,Papua New Guinea,PNG,..,7.57701396942139,32.9173202514648,35.2758865356445,37.6542854309082,40.0504913330078,42.8782196044922,49.4000015258789,54.4000015258789,55.7273864746094,59.6629753112793,60.4000015258789
Access to electricity (% of population),EG.ELC.ACCS.ZS,Paraguay,PRY,..,89.421142578125,98.2365570068359,97.8356170654297,99.0158843994141,99.0007171630859,99.3315353393555,98.4000015258789,99.3000030517578,99.5999984741211,99.6999969482422,100
Access to electricity (% of population),EG.ELC.ACCS.ZS,Peru,PER,..,72.4964981079102,89.7074890136719,91.0995101928711,92.135368347168,92.9199905395508,93.852180480957,94.1999969482422,94.8000030517578,95.1999969482422,95.5513610839844,99.3118133544922
Access to electricity (% of population),EG.ELC.ACCS.ZS,Philippines,PHL,..,74.6616897583008,87.1999969482422,87.0800018310547,87.5,89.7203674316406,89.0800018310547,92.0665054321289,93,94.4482650756836,95.6450805664063,96.8423843383789
Access to electricity (% of population),EG.ELC.ACCS.ZS,Poland,POL,100,100,100,100,100,100,100,100,100,100,100,100
Access to electricity (% of population),EG.ELC.ACCS.ZS,Portugal,PRT,100,100,100,100,100,100,100,100,100,100,100,100
Access to electricity (% of population),EG.ELC.ACCS.ZS,Puerto Rico,PRI,99.9834289550781,100,100,100,100,100,100,100,100,100,100,100
Access to electricity (% of population),EG.ELC.ACCS.ZS,Qatar,QAT,100,100,100,100,100,100,100,100,100,100,100,100
Access to electricity (% of population),EG.ELC.ACCS.ZS,Romania,ROU,100,100,100,100,100,100,100,99.0999984741211,100,100,100,100
Access to electricity (% of population),EG.ELC.ACCS.ZS,Russian Federation,RUS,100,100,100,100,100,100,95.5,100,100,100,100,100
Access to electricity (% of population),EG.ELC.ACCS.ZS,Rwanda,RWA,..,6.19999980926514,10.8000001907349,17.5,15.1999998092651,19.7999992370605,22.7999992370605,29.3700008392334,34.0999984741211,36.9681510925293,40.3686065673828,46.5999984741211
Access to electricity (% of population),EG.ELC.ACCS.ZS,Samoa,WSM,..,87.8578262329102,96.668571472168,96.8269348144531,97.4165344238281,97.9000015258789,99.0670852661133,99.623291015625,96.8000030517578,99.9944763183594,99.1999969482422,100
Access to electricity (% of population),EG.ELC.ACCS.ZS,San Marino,SMR,100,100,100,100,100,100,100,100,100,100,100,100
Access to electricity (% of population),EG.ELC.ACCS.ZS,Sao Tome and Principe,STP,..,52.9000015258789,62.5111427307129,57.9000015258789,64.8450775146484,68.5999984741211,67.2492980957031,69.3205184936523,74.2699966430664,71,74.9672012329102,76.5590896606445
Access to electricity (% of population),EG.ELC.ACCS.ZS,Saudi Arabia,SAU,100,100,100,100,100,100,100,99.9000015258789,99.9300003051758,100,100,100
Access to electricity (% of population),EG.ELC.ACCS.ZS,Senegal,SEN,..,37.7400016784668,56.5,56.5,57,61,60.5,64.5,61.7000007629395,66,70.4000015258789,70.3689422607422
Access to electricity (% of population),EG.ELC.ACCS.ZS,Serbia,SRB,100,100,100,100,99.9199981689453,99.6607971191406,99.9000015258789,100,100,100,99.8000030517578,100
Access to electricity (% of population),EG.ELC.ACCS.ZS,Seychelles,SYC,..,94.0893402099609,98.1479644775391,98.3913650512695,98,100,100,100,100,100,100,100
Access to electricity (% of population),EG.ELC.ACCS.ZS,Sierra Leone,SLE,..,7.78814268112183,14.1999998092651,16.9765110015869,13.5,18.6660308837891,19.5345363616943,20.2999992370605,23.3999996185303,26.1000003814697,22.7000007629395,26.2008857727051
Access to electricity (% of population),EG.ELC.ACCS.ZS,Singapore,SGP,100,100,100,100,100,100,100,100,100,100,100,100
Access to electricity (% of population),EG.ELC.ACCS.ZS,Sint Maarten (Dutch part),SXM,100,100,100,100,100,100,100,100,100,100,100,100
Access to electricity (% of population),EG.ELC.ACCS.ZS,Slovak Republic,SVK,100,100,100,100,100,100,100,100,100,100,100,100
Access to electricity (% of population),EG.ELC.ACCS.ZS,Slovenia,SVN,100,100,100,100,100,100,100,100,100,100,100,100
Access to electricity (% of population),EG.ELC.ACCS.ZS,Solomon Islands,SLB,..,4.51702928543091,38.6799926757813,42.5742111206055,44.7000007629395,50.3067588806152,55.0999984741211,58.3271942138672,62.9000015258789,66.1797637939453,69.8094177246094,73.3464813232422
Access to electricity (% of population),EG.ELC.ACCS.ZS,Somalia,SOM,..,1.89250123500824,51.9681129455566,51.7619171142578,51.5337905883789,51.2936363220215,51.1348609924316,51.1132354736328,52.0999984741211,50.7649765014648,49.2000007629395,49.7308692932129
Access to electricity (% of population),EG.ELC.ACCS.ZS,South Africa,ZAF,..,72.2824630737305,83.5999984741211,85.3000030517578,85.1999969482422,85.9000015258789,85.3000030517578,83.9000015258789,84.4000015258789,84.6999969482422,85,84.3855361938477
Access to electricity (% of population),EG.ELC.ACCS.ZS,South Sudan,SSD,..,..,2.68468475341797,3.13636112213135,3.60786819458008,4.09718370437622,4.60133981704712,5.1173677444458,4.19999980926514,6.17316961288452,6.70700693130493,7.24133825302124
Access to electricity (% of population),EG.ELC.ACCS.ZS,Spain,ESP,100,100,100,100,100,100,100,100,100,100,100,100
Access to electricity (% of population),EG.ELC.ACCS.ZS,Sri Lanka,LKA,..,70.2628021240234,87.7600021362305,87,90.1999969482422,92.660514831543,94.3518676757813,97.5,97.5,99.5648727416992,99.7585678100586,100
Access to electricity (% of population),EG.ELC.ACCS.ZS,St. Kitts and Nevis,KNA,91.3068161010742,95.2815399169922,100,100,100,100,100,100,100,100,100,100
Access to electricity (% of population),EG.ELC.ACCS.ZS,St. Lucia,LCA,..,89.3874359130859,94.7525177001953,95.3434219360352,95.8573837280273,96.4376373291016,97.0327377319336,97.6397094726563,98.2798080444336,98.8773956298828,99.5021820068359,100
Access to electricity (% of population),EG.ELC.ACCS.ZS,St. Martin (French part),MAF,100,100,100,100,100,100,100,100,100,100,100,100
Access to electricity (% of population),EG.ELC.ACCS.ZS,St. Vincent and the Grenadines,VCT,..,79.8817749023438,94.1318588256836,95.4822235107422,96.8524169921875,98.2404251098633,99.6432723999023,99.8008422851563,99.9777069091797,100,100,100
Access to electricity (% of population),EG.ELC.ACCS.ZS,Sudan,SDN,32.8,23,39.8208045959473,41.5919952392578,43.3435173034668,44.9000015258789,46.9031066894531,48.8494033813477,50.7547187805176,52.4470024108887,53.9625396728516,55.3897018432617
Access to electricity (% of population),EG.ELC.ACCS.ZS,Suriname,SUR,..,95.4943771362305,94.4109344482422,94.3673400878906,94.3435821533203,94.3376312255859,94.8952331542969,95.8163146972656,96.6963348388672,97.4000015258789,97.8254165649414,98.2047729492188
Access to electricity (% of population),EG.ELC.ACCS.ZS,Sweden,SWE,100,100,100,100,100,100,100,100,100,100,100,100
Access to electricity (% of population),EG.ELC.ACCS.ZS,Switzerland,CHE,100,100,100,100,100,100,100,100,100,100,100,100
Access to electricity (% of population),EG.ELC.ACCS.ZS,Syrian Arab Republic,SYR,..,93.4835891723633,91.5147247314453,90.7931900024414,90.1493988037109,89.9754943847656,89.8164291381836,89.6692352294922,89.5309448242188,86,89.2692108154297,89.1403198242188
Access to electricity (% of population),EG.ELC.ACCS.ZS,Tajikistan,TJK,..,98.4677429199219,98.7168579101563,99.0999984741211,98.8635482788086,98.9646224975586,98,99.2083129882813,99.3000030517578,99.3000030517578,99.6332092285156,99.779296875
Access to electricity (% of population),EG.ELC.ACCS.ZS,Tanzania,TZA,..,8.91672611236572,14.1999998092651,15.3000001907349,16.3999996185303,23.5,26.1706371307373,32.7999992370605,32.2511749267578,35.048023223877,37.6596870422363,39.9000015258789
Access to electricity (% of population),EG.ELC.ACCS.ZS,Thailand,THA,..,82.0999984741211,99.3518371582031,99.1086273193359,99.4405746459961,99.4619445800781,99.5999984741211,99.8499603271484,99.9000015258789,99.8199996948242,99.9000015258789,100
Access to electricity (% of population),EG.ELC.ACCS.ZS,Timor-Leste,TLS,..,17.5928115844727,52.6573677062988,55.8999557495117,59.1623764038086,62.4426078796387,67.2815322875977,76.5,79.7789611816406,85.3814010620117,90.7986526489258,96.1233139038086
Access to electricity (% of population),EG.ELC.ACCS.ZS,Togo,TGO,..,16.9562339782715,39.7000007629395,38.9980621337891,40.8313674926758,45.7000007629395,44.647590637207,46.7650108337402,48,50,52.363109588623,53.9974327087402
Access to electricity (% of population),EG.ELC.ACCS.ZS,Tonga,TON,..,85.5786285400391,92.1754531860352,92.8000030517578,94.9836654663086,95.7897033691406,100,97.0199966430664,98.361572265625,99.132568359375,98.4000015258789,100
Access to electricity (% of population),EG.ELC.ACCS.ZS,Trinidad and Tobago,TTO,..,91.2900009155273,100,100,100,100,100,100,100,100,100,100
Access to electricity (% of population),EG.ELC.ACCS.ZS,Tunisia,TUN,..,94.8000030517578,99.5,99.5,99.6999969482422,99.8000030517578,99.9000015258789,100,100,99.8000030517578,100,100
Access to electricity (% of population),EG.ELC.ACCS.ZS,Turkey,TUR,..,100,100,100,100,100,100,100,100,100,100,100
Access to electricity (% of population),EG.ELC.ACCS.ZS,Turkmenistan,TKM,..,99.5999984741211,99.8774108886719,99.8958358764648,99.9120941162109,99.9351043701172,100,99.9898986816406,99.9962463378906,100,99.9000015258789,100
Access to electricity (% of population),EG.ELC.ACCS.ZS,Turks and Caicos Islands,TCA,88.7,95.5999984741211,100,93.0999984741211,100,100,100,100,100,100,100,99.4000015258789
Access to electricity (% of population),EG.ELC.ACCS.ZS,Tuvalu,TUV,..,94.6306762695313,96.8707504272461,97.6717758178711,97.4076766967773,97.703857421875,98.0148849487305,97.3000030517578,98.8538360595703,99.0653839111328,99.6999969482422,99.6892318725586
Access to electricity (% of population),EG.ELC.ACCS.ZS,Uganda,UGA,..,7.35113048553467,14.6000003814697,20.3192710876465,13.8999996185303,20.3999996185303,18.5,26.7000007629395,32.5211524963379,41.9199981689453,41.2999992370605,42.0744171142578
Access to electricity (% of population),EG.ELC.ACCS.ZS,Ukraine,UKR,100,100,100,99.8674926757813,100,100,100,100,100,100,100,100
Access to electricity (% of population),EG.ELC.ACCS.ZS,United Arab Emirates,ARE,100,100,100,100,100,100,100,100,100,100,100,100
Access to electricity (% of population),EG.ELC.ACCS.ZS,United Kingdom,GBR,100,100,100,100,100,100,100,100,100,100,100,100
Access to electricity (% of population),EG.ELC.ACCS.ZS,United States,USA,100,100,100,100,100,100,100,100,100,100,100,100
Access to electricity (% of population),EG.ELC.ACCS.ZS,Uruguay,URY,..,97.6768646240234,99.1699981689453,99.5999984741211,99.6118087768555,99.6570816040039,99.7094802856445,99.6999969482422,99.8000030517578,99.8000030517578,99.9000015258789,100
Access to electricity (% of population),EG.ELC.ACCS.ZS,Uzbekistan,UZB,..,99.5932693481445,99.9614410400391,99.9898223876953,99.9988708496094,100,100,100,100,100,100,100
Access to electricity (% of population),EG.ELC.ACCS.ZS,Vanuatu,VUT,..,22.1430797576904,41.9353294372559,43.7895278930664,31.7000007629395,49.057445526123,52.2051010131836,57.8199996948242,62.7999992370605,61.7545127868652,64.5901870727539,67.3332672119141
Access to electricity (% of population),EG.ELC.ACCS.ZS,"Venezuela, RB",VEN,..,98.9000015258789,98.8399963378906,99.2080764770508,99.2572174072266,100,100,99.4000015258789,99.1999969482422,99.9112014770508,99.9768142700195,100
Access to electricity (% of population),EG.ELC.ACCS.ZS,Vietnam,VNM,..,87.8284149169922,99,97.8899993896484,98.5549621582031,99.1999969482422,99.8213043212891,99.1999969482422,100,100,99.4000015258789,100
Access to electricity (% of population),EG.ELC.ACCS.ZS,Virgin Islands (U.S.),VIR,100,100,100,100,100,100,100,100,100,100,100,100
Access to electricity (% of population),EG.ELC.ACCS.ZS,West Bank and Gaza,PSE,..,99.6999969482422,99.6999969482422,99.8000030517578,99.9000015258789,99.9000015258789,99.9000015258789,100,99.6999969482422,100,100,100
Access to electricity (% of population),EG.ELC.ACCS.ZS,"Yemen, Rep.",YEM,..,49.187255859375,61.8645057678223,52.4099998474121,75.5999984741211,66.0999984741211,67.3109283447266,68.859504699707,79.1999969482422,62,72.7510757446289,73.757926940918
Access to electricity (% of population),EG.ELC.ACCS.ZS,Zambia,ZMB,13.9,16.7000007629395,28.1590099334717,29.0127258300781,29.8862724304199,27.8999996185303,31.1000003814697,35.4254531860352,40.2999992370605,40.3178901672363,43,44.5244750976563
Access to electricity (% of population),EG.ELC.ACCS.ZS,Zimbabwe,ZWE,..,33.6548881530762,36.9000015258789,44,40.4983749389648,32.2999992370605,33.7000007629395,42.5617294311523,44.1786346435547,45.5726470947266,46.7814750671387,52.7476692199707
,,,,,,,,,,,,,,,
,,,,,,,,,,,,,,,
,,,,,,,,,,,,,,,
Data from database: Sustainable Development Goals (SDGs),,,,,,,,,,,,,,,
Last Updated: 07/22/2022,,,,,,,,,,,,,,,
