,Afghanistan,Albania,Algeria,Andorra,Angola,Antigua and Barbuda,Argentina,Armenia,Australia,Austria,Azerbaijan,Bahamas,Bahrain,Bangladesh,Barbados,Belarus,Belgium,Belize,Benin,Bhutan,Bolivia (Plurinational State of),Bosnia and Herzegovina,Botswana,Brazil,Brunei Darussalam,Bulgaria,Burkina Faso,Burundi,Cabo Verde,Cambodia,Cameroon,Canada,Central African Republic,Chad,Chile,China,Colombia,Comoros,Congo,Costa Rica,Côte d'Ivoire,Croatia,Cuba,Cyprus,Czechia,Democratic People's Republic of Korea,Democratic Republic of the Congo,Denmark,Djibouti,Dominica,Dominican Republic,Ecuador,Egypt,El Salvador,Equatorial Guinea,Eritrea,Estonia,Eswatini,Ethiopia,Fiji,Finland,France,Gabon,Gambia,Georgia,Germany,Ghana,Greece,Grenada,Guatemala,Guinea,Guinea-Bissau,Guyana,Haiti,Honduras,Hungary,Iceland,India,Indonesia,Iran (Islamic Republic of),Iraq,Ireland,Israel,Italy,Jamaica,Japan,Jordan,Kazakhstan,Kenya,Kiribati,Kuwait,Kyrgyzstan,Lao People's Democratic Republic,Latvia,Lebanon,Lesotho,Liberia,Libya,Liechtenstein,Lithuania,Luxembourg,Madagascar,Malawi,Malaysia,Maldives,Mali,Malta,Marshall Islands,Mauritania,Mauritius,Mexico,Micronesia (Federated States of),Monaco,Mongolia,Montenegro,Morocco,Mozambique,Myanmar,Namibia,Nauru,Nepal,Netherlands,New Zealand,Nicaragua,Niger,Nigeria,North Macedonia,Norway,Oman,Pakistan,Palau,Panama,Papua New Guinea,Paraguay,Peru,Philippines,Poland,Portugal,Qatar,Republic of Korea,Republic of Moldova,Romania,Russian Federation,Rwanda,Saint Kitts and Nevis,Saint Lucia,Saint Vincent and the Grenadines,Samoa,San Marino,Sao Tome and Principe,Saudi Arabia,Senegal,Serbia,Serbia and Montenegro [former],Seychelles,Sierra Leone,Singapore,Slovakia,Slovenia,Solomon Islands,Somalia,South Africa,South Sudan,Spain,Sri Lanka,Sudan,Sudan [former],Suriname,Sweden,Switzerland,Syrian Arab Republic,Tajikistan,Thailand,Timor-Leste,Togo,Tonga,Trinidad and Tobago,Tunisia,Türkiye,Turkmenistan,Tuvalu,Uganda,Ukraine,United Arab Emirates,United Kingdom of Great Britain and Northern Ireland,United Republic of Tanzania,United States of America,Uruguay,Uzbekistan,Vanuatu,Venezuela (Bolivarian Republic of),Viet Nam,Yemen,Zambia,Zimbabwe
2000,,5.16,3.16,7.14,15.45,5.26,28.02,3.05,22.45,26.78,10.4,15.0,,9.09,10.71,9.09,23.33,6.9,6.02,2.0,11.54,7.14,17.02,5.65,,10.83,8.11,5.98,11.11,8.2,5.56,20.6,7.34,2.4,10.83,21.82,11.8,,12.0,19.3,8.52,0.0,27.62,5.36,15.0,20.09,,37.43,0.0,18.75,16.11,17.36,,16.67,5.0,14.67,17.82,3.08,2.03,11.27,37.0,10.92,8.33,2.04,7.23,30.94,9.0,6.33,26.67,7.08,8.77,7.84,18.46,3.61,9.38,8.29,34.92,9.02,8.0,4.89,6.4,12.05,11.67,11.11,13.33,4.6,0.0,10.39,3.57,4.88,0.0,1.43,21.21,17.0,2.34,3.8,7.81,,4.0,17.52,16.67,8.0,8.29,7.25,6.0,12.24,9.23,3.03,3.8,7.58,18.2,0.0,22.22,7.89,,0.62,30.0,,22.22,0.0,5.85,36.0,29.17,9.68,1.2,,7.5,36.36,,,0.0,9.72,1.83,2.5,10.83,12.44,13.04,18.7,,3.68,8.91,7.29,7.71,17.14,13.33,11.11,4.76,8.16,13.33,9.09,,12.14,,5.07,23.53,8.75,4.3,12.67,7.78,2.04,,30.0,,21.55,4.89,,8.75,15.69,42.69,22.5,10.4,2.76,5.6,,4.94,0.0,11.11,11.54,4.18,26.0,0.0,17.92,7.78,0.0,18.36,22.18,13.33,12.12,6.8,0.0,12.14,26.0,0.66,10.13,14.0
2001,,5.16,3.42,7.14,15.45,5.26,26.46,3.05,22.97,26.78,10.4,15.0,,1.82,10.71,9.09,23.33,6.9,6.02,9.33,11.54,7.14,17.02,5.65,,10.83,8.11,14.41,11.11,7.38,5.56,20.6,7.34,2.4,10.83,21.78,11.8,,12.0,19.3,8.44,20.53,27.62,7.14,15.0,20.09,,37.43,0.0,18.75,16.11,14.63,,9.52,5.0,14.67,17.82,3.08,7.69,,36.5,10.92,9.17,2.04,7.23,30.94,9.0,8.67,26.67,8.85,8.77,7.84,18.46,3.61,9.38,8.29,34.92,9.01,8.0,3.45,7.6,12.05,12.5,11.11,13.33,7.29,0.0,10.39,3.57,4.88,0.0,2.33,21.21,17.0,2.34,3.8,7.81,,4.0,10.64,16.67,8.0,9.33,10.36,6.0,12.24,9.23,3.03,3.8,5.71,16.0,0.0,22.22,10.53,,0.62,30.0,,25.0,0.0,5.85,36.0,30.83,9.68,1.2,3.42,6.67,36.36,,,0.0,9.86,1.83,2.5,20.0,11.26,13.04,17.39,,5.86,7.92,10.72,7.71,25.71,13.33,11.11,4.76,8.16,13.33,9.09,,12.14,,,23.53,8.75,6.45,14.0,12.22,2.04,,29.82,,28.29,4.44,,8.75,0.0,42.69,23.0,10.4,15.0,9.2,,4.94,0.0,16.67,11.54,4.18,26.0,0.0,17.79,7.78,0.0,18.36,22.18,14.02,12.12,7.2,0.0,9.7,26.0,0.66,10.13,9.33
2002,,5.71,3.42,14.29,15.45,5.26,30.74,3.05,25.33,26.78,10.48,15.0,,1.82,10.71,10.31,23.33,6.9,6.02,9.33,11.54,16.67,17.02,6.82,,26.25,8.11,19.53,11.11,7.38,5.56,20.6,7.34,2.4,12.5,21.78,11.8,,12.0,19.3,8.52,20.53,27.62,10.71,15.0,20.09,,37.99,0.0,18.75,16.11,14.63,,9.52,5.0,14.67,17.82,3.08,7.68,5.71,36.5,10.92,,13.21,7.23,31.68,9.0,8.67,26.67,8.85,8.77,7.84,20.0,3.61,9.38,8.29,34.92,8.84,8.0,3.45,7.6,12.05,13.33,9.84,13.33,7.29,1.25,10.39,3.57,4.76,0.0,10.0,21.21,17.0,2.34,3.8,7.81,,12.0,10.64,16.67,8.0,9.33,10.36,6.0,12.24,9.23,3.03,3.7,5.71,16.0,0.0,22.22,10.53,,0.62,30.0,,25.0,0.0,5.85,36.0,30.83,20.65,1.2,3.42,6.67,35.76,,,0.0,9.86,1.83,2.5,18.33,17.76,20.22,18.7,,5.86,12.87,10.72,7.57,25.68,13.33,11.11,22.73,6.12,16.67,9.09,,16.67,,7.25,23.53,8.75,11.76,14.0,12.22,0.0,,29.82,,28.29,4.44,,9.72,17.65,42.69,23.0,10.4,12.7,9.2,,4.94,0.0,16.67,11.54,4.18,26.0,0.0,24.67,7.78,0.0,17.91,22.26,14.02,12.12,7.2,0.0,9.7,26.0,0.67,12.03,10.0
2003,,5.71,6.17,14.29,15.45,5.26,30.74,3.05,25.33,33.88,10.48,20.0,0.0,2.0,10.71,10.31,23.33,6.9,6.02,9.33,18.46,16.67,17.02,8.58,,26.25,11.71,18.44,11.11,7.38,8.89,20.6,7.34,5.81,12.5,21.78,12.05,,9.3,35.09,8.52,20.53,35.96,10.71,17.0,20.09,,37.99,10.77,18.75,17.33,16.0,,9.52,5.0,22.0,17.82,3.08,7.68,5.71,36.5,12.2,9.24,13.21,7.23,32.17,9.0,8.67,26.67,8.85,19.3,7.84,20.0,3.61,5.47,9.84,34.92,8.84,8.0,4.14,7.6,13.25,15.0,11.49,11.67,7.29,1.25,10.39,7.14,4.76,0.0,10.0,22.94,21.0,2.34,11.67,7.81,,12.0,10.64,16.67,3.75,9.33,10.36,6.0,10.2,9.23,3.03,3.7,5.71,16.0,0.0,22.22,10.53,,10.77,30.0,,26.39,0.0,,36.67,29.17,20.65,1.2,3.42,18.33,36.36,,21.64,0.0,9.86,0.92,2.5,18.33,17.76,20.22,19.13,,5.86,12.87,10.72,7.57,25.68,13.33,11.11,22.73,6.12,16.67,9.09,,19.17,,7.25,29.41,14.52,11.76,19.33,12.22,0.0,,29.82,,28.29,4.44,,9.72,17.65,45.27,23.0,10.4,12.7,9.2,26.14,7.41,0.0,19.44,11.54,4.36,26.0,0.0,24.67,5.33,0.0,17.91,22.26,14.25,12.12,7.2,1.92,9.7,27.31,0.67,12.03,10.0
2004,,5.71,6.17,14.29,15.45,5.26,30.74,4.58,25.33,33.88,10.48,20.0,0.0,2.0,13.33,10.31,35.33,3.33,7.23,9.33,18.46,16.67,17.02,8.58,,26.25,11.71,18.44,11.11,9.76,8.89,20.6,,5.81,12.5,20.23,12.05,,8.53,35.09,8.52,17.76,35.96,10.71,17.0,,12.0,37.99,10.77,18.75,17.33,16.0,,10.71,5.0,22.0,18.81,10.77,7.68,5.71,37.5,12.2,9.24,13.21,7.23,32.17,9.0,8.67,26.67,8.23,19.3,,20.0,3.61,5.47,9.84,30.16,8.84,8.0,4.14,,13.25,15.0,11.49,11.67,7.08,5.45,10.39,7.14,4.76,0.0,10.0,22.94,21.0,2.34,11.67,7.81,,12.0,10.64,16.67,3.75,9.33,10.47,6.0,10.2,9.23,3.03,3.7,5.71,22.6,0.0,20.83,10.53,,10.77,30.0,,26.39,0.0,,36.67,28.33,20.65,1.2,6.67,18.33,36.36,,21.64,0.0,9.86,0.92,10.0,18.33,17.76,20.22,19.13,,5.54,12.87,10.72,9.78,48.75,13.33,11.11,22.73,6.12,16.67,9.09,0.0,19.17,,7.94,29.41,14.52,15.96,19.33,12.22,0.0,,29.82,,28.29,4.44,,9.72,17.65,45.27,25.0,12.0,12.7,9.2,26.14,7.41,0.0,19.44,11.54,4.36,26.0,0.0,24.67,5.33,0.0,17.91,21.36,14.25,12.12,7.2,1.92,9.7,27.31,0.33,12.03,10.0
2005,,6.43,6.17,14.29,15.0,10.53,33.73,5.34,24.67,33.88,10.48,20.0,0.0,2.0,13.33,29.36,34.67,6.67,7.23,9.33,19.23,16.67,11.11,8.58,,26.25,11.71,18.44,11.11,9.76,8.89,21.1,,6.45,12.5,20.23,12.05,3.03,8.53,35.09,8.52,21.71,35.96,16.07,17.0,20.09,12.0,37.99,10.77,19.35,17.33,16.0,,10.71,18.0,22.0,18.81,10.77,7.68,8.45,37.5,12.2,9.24,13.21,9.36,32.78,10.87,14.0,26.67,8.23,19.3,14.0,30.77,3.61,5.47,9.09,30.16,8.29,11.27,4.14,,13.25,15.0,11.53,11.67,7.08,5.45,10.39,7.14,4.76,0.0,10.0,22.94,21.0,2.34,11.67,5.26,,12.0,21.99,23.33,6.88,13.99,9.13,12.0,10.2,9.23,3.03,3.7,5.71,22.6,0.0,20.83,6.76,,10.77,34.8,,25.0,0.0,,36.67,28.33,20.65,12.39,4.72,19.17,38.18,2.41,21.35,0.0,16.67,0.92,10.0,18.33,15.25,20.22,19.13,,13.04,15.84,11.45,9.84,48.75,0.0,11.11,22.73,6.12,16.67,9.09,0.0,19.17,,7.94,29.41,14.52,15.96,16.67,12.22,0.0,,32.75,,36.0,4.89,,9.72,19.61,45.27,25.0,12.0,12.7,8.83,25.29,6.17,0.0,19.44,22.75,4.36,,0.0,23.93,5.33,0.0,18.06,21.36,14.94,12.12,17.5,3.85,9.7,27.31,0.33,12.03,10.0
2006,27.31,7.14,6.17,28.57,15.0,10.53,36.19,5.34,24.67,33.88,12.0,20.0,0.0,14.78,13.33,29.09,34.67,6.67,7.23,9.33,16.92,16.67,11.11,8.58,,22.08,11.71,30.51,15.28,9.76,8.89,20.78,10.48,6.45,15.0,20.27,12.12,3.03,8.53,35.09,8.52,21.71,35.96,16.07,17.0,20.09,12.0,36.87,10.77,12.9,17.33,16.0,,10.71,18.0,22.0,18.81,10.77,21.43,8.45,37.5,12.2,9.24,13.21,9.36,31.76,10.87,13.0,26.67,8.23,19.3,14.0,30.77,3.61,23.44,9.09,33.33,8.26,11.27,4.14,25.45,13.25,15.0,11.53,11.67,8.96,5.45,10.39,7.14,4.76,1.54,0.0,22.94,21.0,4.69,11.67,12.5,4.74,24.0,21.99,23.33,6.88,13.61,9.13,12.0,10.2,9.23,3.03,,17.14,24.2,0.0,20.83,6.67,,10.77,34.8,,26.92,0.0,,36.67,32.23,20.65,12.39,6.39,19.17,37.87,2.41,21.35,0.0,16.67,0.92,10.0,18.33,15.68,20.43,21.3,0.0,13.38,21.78,11.18,9.84,48.75,0.0,11.11,18.18,6.12,16.67,9.09,0.0,19.17,,7.94,29.41,14.52,15.96,16.67,12.22,0.0,8.0,32.75,,36.0,4.89,,14.67,25.49,45.27,25.0,12.0,17.46,10.8,25.29,7.41,3.45,19.44,22.75,4.36,16.0,0.0,23.93,5.33,0.0,19.66,30.41,15.17,11.11,17.5,3.85,17.37,27.31,0.33,12.66,16.0
2007,27.31,7.14,6.17,28.57,15.0,10.53,35.02,5.34,24.67,32.24,11.29,20.0,2.5,,13.33,29.09,34.67,6.67,7.23,2.67,16.92,14.29,11.11,8.77,,22.08,11.71,30.51,15.28,9.76,8.89,20.78,10.48,6.45,15.0,20.27,8.43,3.03,8.53,38.6,8.52,21.71,35.96,14.29,15.5,20.09,8.4,36.87,10.77,12.9,19.66,25.0,,16.67,18.0,22.0,18.81,10.77,21.93,,38.0,12.2,12.5,9.43,9.36,31.6,10.87,13.0,26.67,8.23,19.3,14.0,28.99,4.08,23.44,10.36,33.33,8.26,11.27,4.14,25.45,13.25,14.17,17.3,11.67,9.38,5.45,10.39,7.31,7.14,1.54,0.0,25.22,19.0,4.69,11.76,12.5,7.69,24.0,24.82,23.33,6.88,13.61,9.13,12.0,10.2,9.23,3.03,17.89,17.14,22.6,0.0,20.83,6.58,8.64,10.77,34.8,,26.92,0.0,17.33,36.67,32.23,18.48,12.39,6.11,28.33,37.87,2.41,21.35,0.0,16.67,0.92,10.0,29.17,15.25,20.43,21.3,0.0,13.38,21.78,11.18,9.84,48.75,0.0,5.56,18.18,6.12,11.67,7.27,0.0,19.17,20.4,,29.41,14.52,24.47,20.0,12.22,0.0,7.81,32.75,,36.0,4.89,,17.78,25.49,47.28,25.0,12.0,17.46,8.68,25.29,8.64,3.33,19.44,22.75,4.36,16.0,0.0,29.82,8.67,22.5,19.66,30.41,16.32,11.11,17.5,3.85,17.96,27.31,0.33,14.65,16.67
2008,27.69,7.14,7.71,25.0,15.0,10.53,40.0,9.16,26.67,32.79,11.38,12.2,2.5,,10.0,29.09,35.33,3.33,10.84,2.67,16.92,11.9,11.11,8.97,,21.67,15.32,30.51,18.06,19.51,13.89,21.31,10.48,5.16,15.0,20.62,8.43,3.03,7.3,36.84,8.87,20.92,43.16,14.29,15.5,20.09,8.4,37.99,13.85,16.13,19.66,25.0,,16.67,18.0,22.0,20.79,10.77,21.93,,41.5,18.2,16.67,9.43,9.36,31.65,10.87,14.67,26.67,12.03,19.3,14.0,28.99,4.08,23.44,11.14,33.33,9.06,11.64,4.14,25.45,13.25,14.17,17.3,13.33,9.38,6.36,15.89,7.25,4.35,1.54,25.56,25.22,20.0,4.69,25.0,12.5,7.69,24.0,22.7,23.33,7.87,12.95,10.05,12.0,10.2,9.23,3.03,22.11,17.14,23.2,0.0,20.83,6.58,11.11,10.46,34.8,,26.92,0.0,17.33,39.33,33.06,18.48,12.39,6.98,29.17,36.09,0.0,21.05,0.0,16.67,0.92,10.0,29.17,20.5,20.43,28.26,0.0,14.38,21.78,9.39,14.0,48.75,6.67,11.11,18.18,8.16,11.67,1.82,0.0,22.0,20.4,,23.53,13.22,24.47,19.33,12.22,0.0,8.2,33.0,,36.57,5.78,,18.06,25.49,46.99,28.5,12.0,17.46,11.74,29.23,11.11,3.33,26.83,22.75,9.11,16.0,0.0,30.72,8.22,22.5,19.5,30.41,16.78,12.12,17.5,3.85,18.56,25.76,0.33,15.19,16.0
2009,27.69,7.14,7.71,25.0,37.27,10.53,40.0,8.4,26.67,27.32,11.38,12.2,2.5,6.33,10.0,31.82,35.33,0.0,10.84,8.51,16.92,11.9,11.11,8.97,,21.67,15.32,30.51,18.06,16.26,13.89,22.08,10.48,5.16,15.0,21.33,8.43,3.03,7.3,36.84,8.87,20.92,43.16,14.29,15.5,20.09,8.4,37.99,13.85,18.75,19.66,27.63,,19.05,6.0,22.0,20.79,13.85,21.93,,41.5,18.2,16.67,9.43,6.0,32.19,7.89,14.67,13.33,12.03,,10.0,30.0,4.08,23.44,11.14,33.33,9.06,11.64,2.8,25.45,13.25,14.17,21.27,13.33,9.38,6.36,15.89,9.82,4.35,3.08,25.56,25.22,20.0,4.69,25.0,12.5,7.69,24.0,17.73,23.33,7.87,12.95,10.81,12.0,10.2,8.7,3.03,22.11,17.14,23.2,0.0,25.0,4.05,11.11,10.46,34.8,,26.92,0.0,33.17,41.33,33.61,18.48,12.39,6.98,31.67,36.09,0.0,22.49,0.0,16.67,0.92,12.5,29.17,20.5,20.22,28.26,0.0,13.71,21.78,11.38,14.0,56.25,6.67,11.11,18.18,8.16,15.0,7.27,0.0,22.0,21.6,,23.53,13.22,24.47,19.33,13.33,0.0,,33.0,,36.29,5.78,,18.06,25.49,46.99,28.5,12.4,17.46,11.67,29.23,11.11,3.13,26.83,22.75,9.11,16.8,0.0,30.72,8.22,22.5,19.5,30.41,17.01,12.12,17.5,3.85,18.56,25.76,0.33,15.19,15.24
2010,27.31,16.43,7.71,35.71,38.64,10.53,38.52,9.16,27.33,27.87,11.38,12.2,2.5,18.55,10.0,31.82,38.0,0.0,10.84,8.51,22.31,19.05,7.94,8.77,,20.83,15.32,31.36,18.06,21.14,13.89,22.08,9.62,5.16,14.17,21.33,8.43,3.03,7.3,36.84,8.87,23.53,43.16,12.5,15.5,15.58,8.4,37.99,13.85,14.29,19.66,32.26,,19.05,10.0,22.0,22.77,13.64,21.93,,40.0,18.89,14.66,7.55,5.11,32.8,8.26,17.33,13.33,12.03,,10.0,30.0,4.08,17.97,11.14,42.86,10.83,18.04,2.76,25.45,13.94,19.17,21.27,13.33,11.25,6.36,17.76,9.82,4.35,7.69,25.56,25.22,22.0,3.13,24.17,12.5,7.69,24.0,19.15,20.0,,20.83,9.91,6.49,10.2,8.7,3.03,22.11,17.14,27.6,0.0,26.09,3.95,11.11,10.46,39.2,,26.87,0.0,33.17,42.0,33.61,20.65,9.73,6.98,32.5,39.65,0.0,22.22,0.0,8.45,0.92,12.5,27.5,20.97,20.0,27.39,0.0,14.72,23.76,11.38,14.0,56.25,6.67,11.11,21.74,8.16,16.67,7.27,0.0,22.67,21.6,,23.53,13.22,23.4,18.0,14.44,0.0,6.86,44.5,,36.57,5.78,,18.92,25.49,46.42,29.0,12.4,17.46,13.32,29.23,11.11,3.13,26.83,27.57,9.11,16.8,0.0,31.48,8.0,22.5,19.5,30.65,16.78,14.14,22.0,3.85,17.47,25.76,0.33,14.01,14.95
2011,27.71,16.43,7.71,35.71,38.64,10.53,38.52,9.16,24.67,27.87,16.0,12.2,2.5,18.55,10.0,31.82,39.33,0.0,10.84,8.51,25.38,16.67,7.94,8.58,,20.83,15.32,32.08,18.06,21.14,13.89,22.08,,5.16,14.17,21.33,12.65,3.03,7.3,38.6,8.87,23.53,43.16,12.5,22.0,15.58,8.4,37.99,13.85,12.5,20.77,32.26,,19.05,10.0,22.0,22.77,13.64,27.79,,40.0,18.89,14.66,7.55,6.52,32.8,8.26,17.33,13.33,12.03,,10.0,30.0,11.11,17.97,9.07,42.86,10.83,18.04,2.76,25.23,13.94,19.17,21.27,13.33,11.25,10.83,17.76,9.82,4.35,7.69,23.33,25.22,20.0,3.13,24.17,12.5,7.69,24.0,19.15,20.0,12.5,20.83,9.91,6.49,10.2,8.7,3.03,22.11,18.84,26.2,0.0,26.09,3.95,11.11,10.46,39.2,4.29,24.36,0.0,33.17,40.67,33.61,20.65,,6.98,32.5,39.65,0.0,22.22,0.0,8.45,0.92,12.5,27.5,22.14,20.0,27.39,0.0,14.72,18.81,11.38,14.0,56.25,6.67,11.11,14.29,8.16,16.67,18.18,0.0,22.67,21.6,,23.53,13.22,23.4,15.33,14.44,0.0,6.78,44.5,,36.57,5.33,,25.56,9.8,44.99,29.0,12.4,19.05,13.32,29.23,11.11,0.0,28.57,27.57,9.11,16.8,0.0,31.29,8.0,22.5,22.0,36.0,16.78,15.15,22.0,3.85,16.97,25.76,0.33,14.01,14.95
2012,27.71,15.71,7.97,50.0,38.18,10.53,37.35,8.4,24.67,27.87,16.0,12.2,10.0,19.71,10.0,31.82,38.0,0.0,8.43,8.51,25.38,21.43,7.94,8.58,,20.83,15.32,30.48,20.83,20.33,13.89,24.76,12.5,12.77,14.17,21.32,12.12,3.03,7.3,38.6,11.02,23.84,45.22,10.71,22.0,15.58,8.94,39.11,13.85,12.5,20.77,32.26,,19.05,10.0,22.0,19.8,13.64,27.79,,42.5,18.89,15.79,7.55,6.57,32.9,8.26,18.67,13.33,13.29,,10.0,31.34,4.21,19.53,8.81,39.68,11.01,18.21,2.76,25.23,15.06,20.0,21.59,12.7,10.83,10.83,24.3,9.82,8.7,7.69,23.33,25.0,23.0,3.13,24.17,9.59,7.69,24.0,19.15,25.0,17.53,22.28,10.41,6.49,10.2,8.7,3.03,22.11,18.84,26.2,0.0,19.05,3.95,12.35,16.96,39.2,3.54,24.36,0.0,33.17,40.67,32.23,40.22,13.27,6.82,30.89,39.65,1.19,22.51,0.0,8.45,0.92,12.5,21.54,22.89,23.7,28.7,0.0,14.72,19.8,11.21,13.56,56.25,6.67,16.67,17.39,4.08,18.33,18.18,0.0,22.67,22.0,,43.75,12.9,22.22,16.0,32.22,0.0,6.78,42.25,26.51,36.0,5.78,24.58,,11.76,44.7,28.5,12.4,19.05,15.8,32.31,11.11,3.57,28.57,26.73,14.18,16.8,6.67,34.97,8.0,17.5,22.31,36.0,16.82,12.12,22.0,1.92,16.97,24.4,0.33,11.47,14.95
2013,27.71,15.71,31.6,50.0,34.09,10.53,37.35,10.69,24.67,27.87,16.0,13.16,10.0,19.71,10.0,26.61,38.0,3.13,8.43,8.51,25.38,21.43,7.94,8.58,,22.92,15.75,30.48,20.83,20.33,13.89,24.68,12.5,14.89,14.17,21.32,12.12,3.03,7.35,38.6,10.44,23.84,45.22,10.71,22.0,15.58,8.94,39.11,13.85,12.5,20.77,32.26,,26.19,10.0,22.0,20.79,13.64,27.79,,42.5,26.86,15.79,7.55,12.0,32.9,10.26,21.0,13.33,13.29,,14.0,31.34,4.21,19.53,8.81,39.68,11.01,18.57,3.1,25.23,15.06,21.67,21.43,12.7,7.92,12.0,24.3,9.82,8.7,6.15,23.33,25.0,23.0,3.13,26.67,10.96,16.5,24.0,24.46,21.67,17.49,22.28,10.41,6.49,10.2,8.7,3.03,22.11,18.84,36.8,0.0,19.05,14.86,17.28,16.96,39.2,6.03,24.36,0.0,33.17,38.67,32.23,40.22,13.27,6.67,32.52,39.65,1.19,22.51,0.0,8.45,2.7,12.5,21.54,22.89,23.7,28.7,0.0,15.67,19.8,13.35,13.56,56.25,6.67,16.67,17.39,4.08,16.67,18.18,19.87,42.67,33.2,,43.75,12.4,24.24,18.67,32.22,2.0,13.82,42.25,26.51,36.0,5.78,24.58,,11.76,44.7,29.0,12.0,19.05,15.8,38.46,11.11,3.57,28.57,26.73,14.18,16.8,6.67,34.97,9.44,17.5,22.46,36.0,17.78,12.12,22.0,0.0,16.97,24.4,0.33,11.47,14.95
2014,27.71,20.0,31.6,50.0,36.82,10.53,36.58,10.69,26.0,32.24,15.57,13.16,10.0,6.4,16.67,26.61,41.33,3.13,8.43,8.51,25.38,21.43,9.52,8.58,,24.58,18.9,30.48,20.83,20.33,31.11,25.08,,14.89,15.83,23.4,12.12,3.03,7.35,38.6,9.45,23.84,48.86,12.5,19.5,15.58,10.64,39.11,12.73,12.9,20.77,41.61,,26.19,24.0,22.0,19.0,6.15,27.79,,42.5,26.17,15.0,9.43,12.0,36.45,10.91,21.0,33.33,13.29,21.93,11.0,31.34,4.21,25.78,9.38,39.68,11.38,18.57,3.1,25.23,15.66,22.5,31.43,12.7,8.13,12.0,25.22,19.14,8.7,4.62,23.33,25.0,25.0,3.13,26.67,10.96,16.5,20.0,24.11,28.33,23.13,22.28,10.36,6.76,9.52,14.29,3.03,25.17,18.84,37.4,0.0,20.83,14.86,14.81,16.96,39.2,5.59,25.64,5.26,29.91,38.67,33.88,40.22,13.27,6.67,34.15,39.65,1.19,20.74,0.0,8.45,2.7,15.0,22.31,27.34,24.35,31.3,0.0,15.67,18.81,13.51,13.56,63.75,6.67,16.67,13.04,4.08,18.33,18.18,19.87,43.33,33.6,,43.75,12.1,25.25,18.67,33.33,2.0,13.82,44.75,26.51,39.71,5.78,24.29,,11.76,44.99,31.0,12.0,15.87,15.8,38.46,16.48,3.57,28.57,28.11,14.42,26.4,6.67,34.97,9.73,17.5,22.62,36.0,18.29,13.13,22.0,0.0,16.97,24.3,0.33,10.76,31.48
2015,27.71,20.71,31.6,50.0,36.82,11.11,36.19,10.69,26.67,30.6,15.57,13.16,7.5,20.0,16.67,27.27,39.33,3.13,8.43,8.51,53.08,21.43,9.52,8.97,,20.42,13.33,30.48,20.83,20.33,31.11,25.16,,14.89,15.83,23.62,19.88,,7.35,33.33,9.16,25.83,48.86,12.5,19.0,16.3,8.94,37.99,12.73,21.88,20.77,41.61,,27.38,24.0,22.0,19.8,6.15,27.79,14.0,42.5,26.17,14.17,9.43,11.33,36.45,10.91,23.0,33.33,13.29,21.93,13.73,31.34,4.21,25.78,10.1,41.27,11.97,17.12,3.1,26.52,16.27,22.5,30.95,12.7,9.47,12.0,26.17,19.71,8.7,1.54,23.33,25.0,18.0,3.13,26.67,10.96,15.96,20.0,23.4,28.33,20.53,16.67,10.36,5.88,9.52,12.86,3.03,25.17,11.59,38.0,0.0,20.83,14.86,17.28,16.96,39.6,6.19,41.35,5.26,29.48,37.33,31.41,39.13,13.27,6.67,33.33,39.65,1.19,20.74,0.0,19.3,2.7,15.0,22.31,27.24,24.13,31.3,0.0,16.33,20.79,13.72,13.56,63.75,6.67,16.67,13.04,6.12,16.67,18.18,19.87,42.67,34.0,,43.75,12.4,25.25,18.67,36.67,2.0,13.82,41.5,26.51,41.14,5.78,24.29,,11.76,43.55,30.5,12.4,16.95,6.09,38.46,17.58,0.0,28.57,31.34,14.42,25.81,6.67,34.97,11.85,17.5,22.77,36.0,19.35,13.13,16.0,0.0,16.97,24.3,0.33,12.66,31.48
2016,27.71,20.71,31.6,39.29,36.82,11.11,35.8,10.69,26.67,30.6,16.94,13.16,7.5,20.0,16.67,27.27,39.33,3.13,7.23,8.51,53.08,21.43,9.52,9.94,,20.42,9.45,36.36,20.83,20.33,31.11,26.04,,14.89,15.83,23.62,19.88,3.03,7.35,33.33,9.16,15.23,48.86,12.5,20.0,16.3,8.94,37.43,12.73,21.88,20.77,41.61,14.93,32.14,24.0,22.0,23.76,6.15,38.76,16.0,41.5,26.17,14.17,9.43,11.33,36.45,10.91,19.67,33.33,13.92,21.93,13.73,30.43,0.0,25.78,10.1,41.27,11.97,17.12,3.1,26.52,16.27,26.67,30.95,12.7,9.47,12.0,26.17,19.71,6.52,1.54,19.17,25.0,18.0,3.13,25.0,10.96,15.96,20.0,23.4,28.33,20.53,16.67,10.36,5.88,8.84,12.86,9.09,25.17,11.59,42.37,0.0,20.83,14.47,17.28,16.96,39.6,9.93,41.35,5.26,29.55,37.33,31.41,41.3,13.27,5.56,33.33,39.65,1.18,20.59,0.0,18.31,2.7,15.0,22.31,27.24,27.39,34.78,0.0,16.33,21.78,13.72,13.56,63.75,13.33,16.67,13.04,6.12,16.67,18.18,19.87,42.67,34.0,,43.75,12.4,23.08,18.67,36.67,2.0,13.82,42.0,26.51,40.0,5.78,30.52,,25.49,43.55,32.0,12.4,19.05,6.09,38.46,17.58,0.0,30.95,31.34,14.91,25.81,6.67,34.97,12.09,22.5,29.38,36.56,19.35,16.16,16.0,0.0,14.37,24.3,0.0,12.66,31.48
2017,27.71,22.86,31.6,32.14,38.18,11.11,38.91,9.92,28.67,30.6,16.8,13.16,7.5,20.29,16.67,34.55,38.0,9.38,7.23,8.51,53.08,21.43,9.52,10.72,9.09,19.17,11.02,36.36,23.61,20.33,31.11,26.27,8.57,12.77,15.83,23.7,18.67,6.06,7.35,35.09,11.46,19.87,48.86,17.86,20.0,16.3,8.94,37.43,10.77,25.0,26.84,41.61,14.93,32.14,24.0,22.0,26.73,6.15,38.76,16.0,42.0,25.82,17.09,9.43,16.0,36.98,12.73,18.33,33.33,12.66,21.93,13.73,31.88,2.56,25.78,10.05,47.62,11.81,19.82,5.88,25.3,22.15,27.5,30.95,17.46,9.26,15.38,27.1,19.43,6.52,3.08,19.17,27.52,16.0,3.13,25.0,12.33,15.96,12.0,21.28,28.33,19.21,16.67,10.36,5.88,8.84,12.5,9.09,25.17,11.59,42.6,0.0,20.83,17.11,23.46,20.51,39.6,10.16,41.35,10.53,29.58,38.0,34.17,45.65,16.96,5.56,31.67,39.65,1.18,20.59,12.5,18.31,2.7,13.75,27.69,29.45,28.04,34.78,0.0,17.0,22.77,20.67,15.78,61.25,13.33,16.67,13.04,10.0,26.67,18.18,19.87,42.67,34.4,,21.21,12.4,23.76,20.0,36.67,2.0,24.24,42.17,28.46,39.14,5.78,30.52,,25.49,43.55,32.5,13.2,19.05,4.86,38.46,17.58,3.85,30.95,31.34,14.91,25.81,6.67,34.3,12.29,20.0,30.0,36.39,19.08,20.2,16.0,0.0,22.16,26.72,0.0,17.96,32.59
2018,27.71,27.86,25.76,32.14,30.45,11.11,38.91,18.1,28.67,34.43,16.8,12.82,7.5,20.29,16.67,34.55,38.0,9.38,7.23,8.51,53.08,21.43,9.52,10.72,9.09,23.75,11.02,36.36,23.61,20.33,31.11,27.0,8.57,12.77,,24.25,18.67,6.06,11.26,35.09,10.59,18.54,48.86,17.86,22.0,16.3,8.94,37.43,10.77,25.0,26.84,37.96,14.93,32.14,20.0,22.0,26.73,6.15,38.76,16.0,42.0,38.99,17.09,10.34,16.0,30.75,12.73,18.33,33.33,12.66,21.93,13.73,31.88,2.54,21.09,10.05,38.1,11.81,19.82,5.88,25.3,22.15,27.5,30.95,17.46,10.11,15.38,27.1,21.78,6.52,3.08,19.17,27.52,16.0,3.13,22.13,9.86,15.96,12.0,21.28,28.33,19.21,16.67,10.36,5.88,8.84,11.94,9.09,25.17,11.59,42.6,0.0,20.83,17.11,23.46,20.51,39.6,10.16,46.15,10.53,32.7,36.0,38.33,45.65,16.96,5.56,37.5,41.42,1.18,20.59,12.5,18.31,0.0,13.75,27.69,29.45,28.04,34.78,9.76,17.0,22.77,20.67,15.78,61.25,13.33,16.67,13.04,10.0,26.67,18.18,19.87,41.82,34.4,,21.21,12.4,23.0,20.0,36.67,2.0,24.36,42.39,28.46,39.14,5.78,30.52,,25.49,43.55,32.5,13.2,19.05,4.8,32.31,17.58,7.41,30.95,31.34,14.57,25.81,6.67,34.3,12.29,22.5,32.0,37.18,19.49,20.2,16.0,0.0,22.16,26.72,0.0,17.96,33.2
2019,,29.29,25.76,32.14,30.0,11.11,38.82,24.24,30.0,37.16,16.81,12.82,15.0,20.69,20.0,34.55,38.0,9.38,7.23,14.89,53.08,21.43,9.52,15.01,9.09,25.83,13.39,36.36,23.61,20.0,31.11,26.95,8.57,14.88,22.58,24.94,18.71,6.06,11.26,45.61,10.98,20.53,53.22,17.86,22.5,16.3,10.31,37.43,26.15,25.0,26.84,37.96,14.93,30.95,20.0,22.0,28.71,7.25,38.76,19.61,41.5,39.69,17.91,10.34,14.77,30.89,13.09,18.67,46.67,18.99,22.81,13.73,31.88,2.54,21.09,12.56,38.1,12.6,18.21,5.88,25.23,22.15,29.17,35.71,17.46,10.15,15.38,27.1,21.78,6.52,4.62,19.17,27.52,31.0,4.69,23.33,12.33,15.96,12.0,21.28,25.0,19.21,16.67,14.41,4.71,8.84,11.94,9.09,20.26,11.59,48.2,0.0,33.33,17.11,23.46,20.51,39.6,11.32,46.15,10.53,32.73,31.33,40.0,44.57,16.96,5.57,38.33,40.83,1.18,20.23,12.5,18.31,0.0,15.0,30.0,29.45,29.13,35.65,9.76,17.11,22.77,20.67,15.78,61.25,13.33,16.67,13.04,10.0,25.0,14.55,19.87,41.82,37.65,,21.21,12.33,23.0,20.0,24.44,2.04,24.36,42.75,28.46,41.14,5.33,27.65,,29.41,47.28,32.5,13.2,19.05,5.42,40.0,16.48,7.41,30.95,35.94,17.45,25.0,6.67,34.86,11.58,22.5,32.0,36.9,23.56,22.22,16.0,0.0,22.16,26.72,0.33,17.96,31.85
2020,27.02,29.51,25.76,46.43,30.0,11.11,40.86,23.48,30.46,39.34,16.81,12.82,15.0,20.92,20.0,40.0,40.67,9.38,7.23,14.89,53.08,21.43,10.77,14.62,9.09,26.67,13.39,36.36,25.0,20.0,31.11,28.99,8.57,15.43,22.58,24.94,18.34,6.06,11.26,45.61,11.95,19.21,53.22,19.64,22.5,17.61,12.8,39.66,26.15,38.1,27.89,39.42,15.1,33.33,21.0,,28.71,9.59,38.76,19.61,46.0,39.51,14.79,8.62,14.09,31.17,13.09,20.67,46.67,18.99,22.81,13.73,34.78,2.54,21.09,12.06,38.1,14.36,20.35,5.88,26.44,20.89,23.33,35.71,17.46,9.91,15.38,27.1,21.78,6.52,6.35,19.17,27.52,30.0,4.69,23.33,12.33,15.96,12.0,24.11,30.0,15.89,22.92,14.41,4.6,9.52,13.43,6.06,20.26,20.0,48.2,0.0,33.33,17.33,29.63,20.51,41.2,11.11,42.71,10.53,32.73,33.33,40.83,47.25,16.96,3.43,40.0,41.42,2.33,20.18,12.5,22.54,0.0,16.25,30.0,27.96,28.7,40.0,9.76,17.29,24.75,21.88,15.78,61.25,20.0,16.67,13.04,10.0,31.67,14.55,19.87,43.03,37.65,,21.21,12.33,24.0,20.67,27.78,6.12,24.36,46.35,28.46,44.0,5.33,,,31.37,46.99,41.5,12.4,19.05,16.2,38.46,18.68,7.41,30.95,24.88,17.32,25.0,6.25,34.86,20.8,50.0,33.85,36.9,23.43,21.21,32.0,0.0,22.16,26.72,0.33,16.77,31.85
2021,27.02,29.51,25.97,46.43,29.55,11.11,42.41,22.73,31.13,39.89,18.18,12.82,15.0,20.86,20.0,40.0,42.0,12.5,8.43,14.89,46.15,26.19,10.77,15.2,9.09,27.08,6.3,38.21,26.39,21.6,33.89,29.59,8.57,15.38,22.58,24.94,18.82,16.67,11.26,45.61,11.37,31.13,53.41,21.43,23.0,17.61,12.8,39.66,26.15,34.38,27.89,39.42,27.41,33.33,23.0,,27.72,9.59,38.76,21.57,46.0,39.51,16.2,8.62,20.67,31.45,14.55,21.67,46.67,19.38,16.67,13.73,35.71,,21.09,12.56,39.68,14.44,21.04,5.59,26.44,22.5,26.67,35.71,28.57,9.91,11.54,27.1,21.61,6.67,1.54,17.09,27.52,29.0,4.69,23.33,10.96,15.96,12.0,27.66,31.67,17.88,22.92,14.86,4.6,27.27,13.43,6.06,20.26,20.0,48.2,0.0,33.33,17.33,24.69,20.51,42.4,15.29,44.23,10.53,32.73,33.33,48.33,48.35,25.9,3.61,39.17,44.38,2.33,20.18,6.25,22.54,0.0,15.0,26.15,27.96,28.32,40.0,9.76,19.0,24.75,18.54,15.78,61.25,25.0,16.67,18.18,10.0,33.33,23.64,19.87,43.03,39.2,,22.86,12.33,29.47,22.67,26.67,8.0,24.36,45.84,28.46,44.0,5.38,,,29.41,46.99,42.0,11.2,23.81,15.75,38.46,18.68,7.41,26.19,26.27,17.33,25.0,6.25,34.86,20.8,50.0,33.85,36.72,27.25,24.24,32.65,0.0,22.16,26.72,0.33,16.77,31.85
2022,27.02,35.71,8.11,46.43,29.55,11.11,44.75,34.58,31.13,41.53,18.33,17.95,15.0,20.86,20.0,40.0,42.0,12.5,7.41,17.39,46.15,26.19,11.11,14.81,9.09,22.5,6.3,38.21,38.89,20.8,33.89,30.47,12.86,31.18,35.48,24.94,18.56,16.67,11.26,45.61,14.17,31.79,53.41,14.29,25.5,17.61,12.8,39.66,26.15,34.38,27.89,38.69,27.7,27.38,22.0,,25.74,12.16,41.49,19.61,45.5,39.51,15.38,10.34,19.05,34.92,14.55,21.0,46.67,19.38,29.63,13.73,35.71,,27.34,13.07,47.62,14.94,21.91,5.59,28.88,23.12,30.0,36.25,28.57,9.68,12.31,27.36,21.43,6.67,1.61,20.45,21.95,27.0,4.69,24.35,10.96,16.47,28.0,28.37,33.33,18.54,22.92,15.0,4.6,26.45,13.43,6.06,20.26,20.0,50.0,7.14,33.33,17.11,27.16,24.05,42.4,15.29,44.23,10.53,33.58,40.67,49.17,50.55,25.9,3.61,41.67,44.97,2.33,20.47,6.25,22.54,0.0,17.5,40.0,27.69,28.26,40.0,4.44,18.64,40.59,19.09,16.22,61.25,25.0,11.11,18.18,7.84,33.33,23.64,19.87,42.68,40.0,,22.86,12.33,29.13,21.33,28.89,8.0,24.36,46.72,32.36,42.98,5.33,,,29.41,46.13,42.5,11.2,26.98,15.75,40.0,18.68,3.7,26.19,26.27,17.35,25.86,6.25,33.81,20.33,50.0,34.36,36.86,27.71,25.25,33.33,0.0,,30.26,0.0,15.06,30.57
2023,,35.71,7.86,46.43,33.64,11.11,44.75,35.51,38.41,40.44,18.64,17.95,20.0,20.86,26.67,40.0,42.67,15.62,7.41,17.39,46.15,19.05,11.11,17.74,9.09,24.17,16.9,38.21,41.67,20.8,33.89,30.65,12.86,25.89,35.48,24.94,28.88,16.67,14.57,47.37,13.73,31.79,53.41,14.29,26.0,17.61,12.8,43.58,26.15,37.5,27.89,38.69,27.53,27.38,31.0,,27.72,14.86,41.31,10.91,45.5,37.78,14.69,8.62,18.44,35.05,14.55,21.0,31.25,19.38,29.63,13.73,36.62,,27.34,13.07,47.62,15.13,21.57,5.59,28.88,23.12,24.17,32.25,28.57,9.96,12.31,27.36,23.28,6.67,6.25,20.0,21.95,29.0,6.25,26.45,10.96,16.47,28.0,28.37,35.0,18.54,20.73,13.51,4.6,28.57,27.85,6.06,20.26,20.0,50.0,7.14,36.36,17.11,28.4,24.3,43.2,,44.23,10.53,33.09,40.67,50.0,51.65,30.72,3.61,41.67,46.15,2.33,20.47,6.25,22.54,1.74,18.75,38.76,27.33,28.26,36.09,4.44,19.06,38.61,19.09,16.44,61.25,31.25,11.11,18.18,12.96,33.33,14.55,19.87,46.06,34.8,,22.86,13.01,29.13,22.0,37.78,8.0,19.71,46.25,32.36,42.41,5.33,,,29.41,46.42,41.71,10.8,26.98,16.63,40.0,19.78,7.14,28.57,,17.41,25.86,6.25,33.81,20.43,50.0,34.51,37.4,29.43,26.26,33.57,1.92,,30.26,0.0,14.97,30.57
